brand_name,brand_label,product_name,product_label,file
Christian Louboutin,0,shoes,0,0_0_001.png
Christian Louboutin,0,shoes,0,0_0_002.png
Christian Louboutin,0,shoes,0,0_0_003.png
Christian Louboutin,0,shoes,0,0_0_004.png
Christian Louboutin,0,shoes,0,0_0_005.png
Christian Louboutin,0,shoes,0,0_0_006.png
Christian Louboutin,0,shoes,0,0_0_007.png
Christian Louboutin,0,shoes,0,0_0_008.png
Christian Louboutin,0,shoes,0,0_0_009.png
Christian Louboutin,0,shoes,0,0_0_010.png
Christian Louboutin,0,shoes,0,0_0_011.png
Christian Louboutin,0,shoes,0,0_0_012.png
Christian Louboutin,0,shoes,0,0_0_013.png
Christian Louboutin,0,shoes,0,0_0_014.png
Christian Louboutin,0,shoes,0,0_0_015.png
Christian Louboutin,0,shoes,0,0_0_016.png
Christian Louboutin,0,shoes,0,0_0_017.png
Christian Louboutin,0,shoes,0,0_0_018.png
Christian Louboutin,0,shoes,0,0_0_019.png
Christian Louboutin,0,shoes,0,0_0_020.png
Christian Louboutin,0,shoes,0,0_0_021.png
Christian Louboutin,0,shoes,0,0_0_022.png
Christian Louboutin,0,shoes,0,0_0_023.png
Christian Louboutin,0,shoes,0,0_0_024.png
Christian Louboutin,0,shoes,0,0_0_025.png
Christian Louboutin,0,shoes,0,0_0_026.png
Christian Louboutin,0,shoes,0,0_0_027.png
Christian Louboutin,0,shoes,0,0_0_028.png
Christian Louboutin,0,shoes,0,0_0_029.png
Christian Louboutin,0,shoes,0,0_0_030.png
Christian Louboutin,0,shoes,0,0_0_031.png
Christian Louboutin,0,shoes,0,0_0_032.png
Christian Louboutin,0,shoes,0,0_0_033.png
Christian Louboutin,0,shoes,0,0_0_034.png
Christian Louboutin,0,shoes,0,0_0_035.png
Christian Louboutin,0,shoes,0,0_0_036.png
Christian Louboutin,0,shoes,0,0_0_037.png
Christian Louboutin,0,shoes,0,0_0_038.png
Christian Louboutin,0,shoes,0,0_0_039.png
Christian Louboutin,0,shoes,0,0_0_040.png
Christian Louboutin,0,shoes,0,0_0_041.png
Christian Louboutin,0,shoes,0,0_0_042.png
Christian Louboutin,0,shoes,0,0_0_043.png
Christian Louboutin,0,shoes,0,0_0_044.png
Christian Louboutin,0,shoes,0,0_0_045.png
Christian Louboutin,0,shoes,0,0_0_046.png
Christian Louboutin,0,shoes,0,0_0_047.png
Christian Louboutin,0,shoes,0,0_0_048.png
Christian Louboutin,0,shoes,0,0_0_049.png
Christian Louboutin,0,shoes,0,0_0_050.png
Christian Louboutin,0,shoes,0,0_0_051.png
Christian Louboutin,0,shoes,0,0_0_052.png
Christian Louboutin,0,shoes,0,0_0_053.png
Christian Louboutin,0,shoes,0,0_0_054.png
Christian Louboutin,0,shoes,0,0_0_055.png
Christian Louboutin,0,shoes,0,0_0_056.png
Christian Louboutin,0,shoes,0,0_0_057.png
Christian Louboutin,0,shoes,0,0_0_058.png
Christian Louboutin,0,shoes,0,0_0_059.png
Christian Louboutin,0,shoes,0,0_0_060.png
Christian Louboutin,0,shoes,0,0_0_061.png
Christian Louboutin,0,shoes,0,0_0_062.png
Christian Louboutin,0,shoes,0,0_0_063.png
Christian Louboutin,0,shoes,0,0_0_064.png
Christian Louboutin,0,shoes,0,0_0_065.png
Christian Louboutin,0,shoes,0,0_0_066.png
Christian Louboutin,0,shoes,0,0_0_067.png
Christian Louboutin,0,shoes,0,0_0_068.png
Christian Louboutin,0,shoes,0,0_0_069.png
Christian Louboutin,0,shoes,0,0_0_070.png
Christian Louboutin,0,shoes,0,0_0_071.png
Christian Louboutin,0,shoes,0,0_0_072.png
Christian Louboutin,0,shoes,0,0_0_073.png
Christian Louboutin,0,shoes,0,0_0_074.png
Christian Louboutin,0,shoes,0,0_0_075.png
Christian Louboutin,0,shoes,0,0_0_076.png
Christian Louboutin,0,shoes,0,0_0_077.png
Christian Louboutin,0,shoes,0,0_0_078.png
Christian Louboutin,0,shoes,0,0_0_079.png
Christian Louboutin,0,shoes,0,0_0_080.png
Christian Louboutin,0,shoes,0,0_0_081.png
Christian Louboutin,0,shoes,0,0_0_082.png
Christian Louboutin,0,shoes,0,0_0_083.png
Christian Louboutin,0,shoes,0,0_0_084.png
Christian Louboutin,0,shoes,0,0_0_085.png
Christian Louboutin,0,shoes,0,0_0_086.png
Christian Louboutin,0,shoes,0,0_0_087.png
Christian Louboutin,0,shoes,0,0_0_088.png
Christian Louboutin,0,shoes,0,0_0_089.png
Christian Louboutin,0,shoes,0,0_0_090.png
Christian Louboutin,0,shoes,0,0_0_091.png
Christian Louboutin,0,shoes,0,0_0_092.png
Christian Louboutin,0,shoes,0,0_0_093.png
Christian Louboutin,0,shoes,0,0_0_094.png
Christian Louboutin,0,shoes,0,0_0_095.png
Christian Louboutin,0,shoes,0,0_0_096.png
Christian Louboutin,0,shoes,0,0_0_097.png
Christian Louboutin,0,shoes,0,0_0_098.png
Christian Louboutin,0,lipstick,1,0_1_001.png
Christian Louboutin,0,lipstick,1,0_1_002.png
Christian Louboutin,0,lipstick,1,0_1_003.png
Christian Louboutin,0,lipstick,1,0_1_004.png
Christian Louboutin,0,lipstick,1,0_1_005.png
Christian Louboutin,0,lipstick,1,0_1_006.png
Christian Louboutin,0,lipstick,1,0_1_007.png
Christian Louboutin,0,lipstick,1,0_1_008.png
Christian Louboutin,0,lipstick,1,0_1_009.png
Christian Louboutin,0,lipstick,1,0_1_010.png
Christian Louboutin,0,lipstick,1,0_1_011.png
Christian Louboutin,0,lipstick,1,0_1_012.png
Christian Louboutin,0,lipstick,1,0_1_013.png
Christian Louboutin,0,lipstick,1,0_1_014.png
Christian Louboutin,0,lipstick,1,0_1_015.png
Christian Louboutin,0,lipstick,1,0_1_016.png
Christian Louboutin,0,lipstick,1,0_1_017.png
Christian Louboutin,0,lipstick,1,0_1_018.png
Christian Louboutin,0,lipstick,1,0_1_019.png
Christian Louboutin,0,lipstick,1,0_1_020.png
Christian Louboutin,0,lipstick,1,0_1_021.png
Christian Louboutin,0,lipstick,1,0_1_022.png
Christian Louboutin,0,lipstick,1,0_1_023.png
Christian Louboutin,0,lipstick,1,0_1_024.png
Christian Louboutin,0,lipstick,1,0_1_025.png
Christian Louboutin,0,lipstick,1,0_1_026.png
Christian Louboutin,0,lipstick,1,0_1_027.png
Christian Louboutin,0,lipstick,1,0_1_028.png
Christian Louboutin,0,lipstick,1,0_1_029.png
Christian Louboutin,0,lipstick,1,0_1_030.png
Christian Louboutin,0,lipstick,1,0_1_031.png
Christian Louboutin,0,lipstick,1,0_1_032.png
Christian Louboutin,0,lipstick,1,0_1_033.png
Christian Louboutin,0,lipstick,1,0_1_034.png
Christian Louboutin,0,lipstick,1,0_1_035.png
Christian Louboutin,0,lipstick,1,0_1_036.png
Christian Louboutin,0,lipstick,1,0_1_037.png
Christian Louboutin,0,lipstick,1,0_1_038.png
Christian Louboutin,0,lipstick,1,0_1_039.png
Christian Louboutin,0,lipstick,1,0_1_040.png
Christian Louboutin,0,lipstick,1,0_1_041.png
Christian Louboutin,0,lipstick,1,0_1_042.png
Christian Louboutin,0,lipstick,1,0_1_043.png
Christian Louboutin,0,lipstick,1,0_1_044.png
Christian Louboutin,0,handbag,2,0_2_001.png
Christian Louboutin,0,handbag,2,0_2_002.png
Christian Louboutin,0,handbag,2,0_2_003.png
Christian Louboutin,0,handbag,2,0_2_004.png
Christian Louboutin,0,handbag,2,0_2_005.png
Christian Louboutin,0,handbag,2,0_2_006.png
Christian Louboutin,0,handbag,2,0_2_007.png
Christian Louboutin,0,handbag,2,0_2_008.png
Christian Louboutin,0,handbag,2,0_2_009.png
Christian Louboutin,0,handbag,2,0_2_010.png
Christian Louboutin,0,handbag,2,0_2_011.png
Christian Louboutin,0,handbag,2,0_2_012.png
Christian Louboutin,0,handbag,2,0_2_013.png
Christian Louboutin,0,handbag,2,0_2_014.png
Christian Louboutin,0,handbag,2,0_2_015.png
Christian Louboutin,0,handbag,2,0_2_016.png
Christian Louboutin,0,handbag,2,0_2_017.png
Christian Louboutin,0,handbag,2,0_2_018.png
Christian Louboutin,0,handbag,2,0_2_019.png
Christian Louboutin,0,handbag,2,0_2_020.png
Christian Louboutin,0,handbag,2,0_2_021.png
Christian Louboutin,0,handbag,2,0_2_022.png
Christian Louboutin,0,handbag,2,0_2_023.png
Christian Louboutin,0,handbag,2,0_2_024.png
Christian Louboutin,0,handbag,2,0_2_025.png
Christian Louboutin,0,handbag,2,0_2_026.png
Christian Louboutin,0,handbag,2,0_2_027.png
Christian Louboutin,0,handbag,2,0_2_028.png
Christian Louboutin,0,nail polish,3,0_3_001.png
Christian Louboutin,0,nail polish,3,0_3_002.png
Christian Louboutin,0,nail polish,3,0_3_003.png
Christian Louboutin,0,nail polish,3,0_3_004.png
Christian Louboutin,0,nail polish,3,0_3_005.png
Christian Louboutin,0,nail polish,3,0_3_006.png
Christian Louboutin,0,nail polish,3,0_3_007.png
Christian Louboutin,0,nail polish,3,0_3_008.png
Christian Louboutin,0,nail polish,3,0_3_009.png
Christian Louboutin,0,nail polish,3,0_3_010.png
Christian Louboutin,0,nail polish,3,0_3_011.png
Christian Louboutin,0,nail polish,3,0_3_012.png
Christian Louboutin,0,nail polish,3,0_3_013.png
Christian Louboutin,0,nail polish,3,0_3_014.png
Christian Louboutin,0,nail polish,3,0_3_015.png
Christian Louboutin,0,nail polish,3,0_3_016.png
Christian Louboutin,0,nail polish,3,0_3_016.png
Christian Louboutin,0,nail polish,3,0_3_018.png
Christian Louboutin,0,nail polish,3,0_3_019.png
Christian Louboutin,0,nail polish,3,0_3_020.png
Christian Louboutin,0,nail polish,3,0_3_021.png
Christian Louboutin,0,nail polish,3,0_3_022.png
Christian Louboutin,0,nail polish,3,0_3_023.png
Christian Louboutin,0,nail polish,3,0_3_024.png
Christian Louboutin,0,nail polish,3,0_3_025.png
Christian Louboutin,0,nail polish,3,0_3_026.png
Christian Louboutin,0,nail polish,3,0_3_027.png
Christian Louboutin,0,nail polish,3,0_3_028.png
Christian Louboutin,0,nail polish,3,0_3_029.png
Christian Louboutin,0,nail polish,3,0_3_030.png
Christian Louboutin,0,nail polish,3,0_3_031.png
Christian Louboutin,0,nail polish,3,0_3_032.png
Christian Louboutin,0,nail polish,3,0_3_033.png
Christian Louboutin,0,nail polish,3,0_3_034.png
Christian Louboutin,0,nail polish,3,0_3_035.png
Christian Louboutin,0,nail polish,3,0_3_036.png
Christian Louboutin,0,nail polish,3,0_3_037.png
Christian Louboutin,0,nail polish,3,0_3_038.png
Christian Louboutin,0,boots,8,0_8_001.png
Christian Louboutin,0,boots,8,0_8_002.png
Christian Louboutin,0,boots,8,0_8_003.png
Christian Louboutin,0,boots,8,0_8_004.png
Christian Louboutin,0,boots,8,0_8_005.png
Christian Louboutin,0,boots,8,0_8_006.png
Christian Louboutin,0,boots,8,0_8_007.png
Christian Louboutin,0,boots,8,0_8_008.png
Christian Louboutin,0,boots,8,0_8_009.png
Christian Louboutin,0,boots,8,0_8_010.png
Christian Louboutin,0,boots,8,0_8_011.png
Christian Louboutin,0,boots,8,0_8_012.png
Christian Louboutin,0,boots,8,0_8_013.png
Christian Louboutin,0,boots,8,0_8_014.png
Christian Louboutin,0,boots,8,0_8_015.png
Christian Louboutin,0,boots,8,0_8_016.png
Christian Louboutin,0,boots,8,0_8_017.png
Christian Louboutin,0,boots,8,0_8_018.png
Christian Louboutin,0,boots,8,0_8_019.png
Christian Louboutin,0,boots,8,0_8_020.png
Christian Louboutin,0,boots,8,0_8_021.png
Christian Louboutin,0,boots,8,0_8_022.png
Christian Louboutin,0,boots,8,0_8_023.png
Christian Louboutin,0,boots,8,0_8_024.png
Christian Louboutin,0,boots,8,0_8_025.png
Christian Louboutin,0,boots,8,0_8_026.png
Christian Louboutin,0,boots,8,0_8_027.png
Christian Louboutin,0,boots,8,0_8_028.png
Christian Louboutin,0,boots,8,0_8_029.png
Chanel,1,shoes,0,1_0_001.png
Chanel,1,shoes,0,1_0_002.png
Chanel,1,shoes,0,1_0_003.png
Chanel,1,shoes,0,1_0_004.png
Chanel,1,shoes,0,1_0_005.png
Chanel,1,shoes,0,1_0_006.png
Chanel,1,shoes,0,1_0_007.png
Chanel,1,shoes,0,1_0_008.png
Chanel,1,shoes,0,1_0_009.png
Chanel,1,shoes,0,1_0_010.png
Chanel,1,shoes,0,1_0_011.png
Chanel,1,shoes,0,1_0_012.png
Chanel,1,shoes,0,1_0_013.png
Chanel,1,shoes,0,1_0_014.png
Chanel,1,shoes,0,1_0_015.png
Chanel,1,shoes,0,1_0_016.png
Chanel,1,shoes,0,1_0_017.png
Chanel,1,shoes,0,1_0_018.png
Chanel,1,shoes,0,1_0_019.png
Chanel,1,shoes,0,1_0_020.png
Chanel,1,shoes,0,1_0_021.png
Chanel,1,shoes,0,1_0_022.png
Chanel,1,shoes,0,1_0_023.png
Chanel,1,shoes,0,1_0_024.png
Chanel,1,shoes,0,1_0_025.png
Chanel,1,shoes,0,1_0_026.png
Chanel,1,shoes,0,1_0_027.png
Chanel,1,shoes,0,1_0_028.png
Chanel,1,shoes,0,1_0_029.png
Chanel,1,shoes,0,1_0_030.png
Chanel,1,shoes,0,1_0_031.png
Chanel,1,shoes,0,1_0_032.png
Chanel,1,shoes,0,1_0_033.png
Chanel,1,shoes,0,1_0_034.png
Chanel,1,shoes,0,1_0_035.png
Chanel,1,shoes,0,1_0_036.png
Chanel,1,shoes,0,1_0_037.png
Chanel,1,shoes,0,1_0_038.png
Chanel,1,shoes,0,1_0_039.png
Chanel,1,shoes,0,1_0_040.png
Chanel,1,shoes,0,1_0_041.png
Chanel,1,shoes,0,1_0_042.png
Chanel,1,shoes,0,1_0_043.png
Chanel,1,shoes,0,1_0_044.png
Chanel,1,shoes,0,1_0_045.png
Chanel,1,shoes,0,1_0_046.png
Chanel,1,shoes,0,1_0_047.png
Chanel,1,shoes,0,1_0_048.png
Chanel,1,shoes,0,1_0_049.png
Chanel,1,shoes,0,1_0_050.png
Chanel,1,shoes,0,1_0_051.png
Chanel,1,shoes,0,1_0_052.png
Chanel,1,shoes,0,1_0_053.png
Chanel,1,lipstick,1,1_1_001.png
Chanel,1,lipstick,1,1_1_002.png
Chanel,1,lipstick,1,1_1_003.png
Chanel,1,lipstick,1,1_1_004.png
Chanel,1,lipstick,1,1_1_005.png
Chanel,1,lipstick,1,1_1_006.png
Chanel,1,lipstick,1,1_1_007.png
Chanel,1,lipstick,1,1_1_008.png
Chanel,1,lipstick,1,1_1_009.png
Chanel,1,lipstick,1,1_1_010.png
Chanel,1,lipstick,1,1_1_011.png
Chanel,1,lipstick,1,1_1_012.png
Chanel,1,lipstick,1,1_1_013.png
Chanel,1,lipstick,1,1_1_014.png
Chanel,1,lipstick,1,1_1_015.png
Chanel,1,lipstick,1,1_1_016.png
Chanel,1,lipstick,1,1_1_017.png
Chanel,1,lipstick,1,1_1_018.png
Chanel,1,lipstick,1,1_1_019.png
Chanel,1,lipstick,1,1_1_020.png
Chanel,1,lipstick,1,1_1_021.png
Chanel,1,lipstick,1,1_1_022.png
Chanel,1,lipstick,1,1_1_023.png
Chanel,1,lipstick,1,1_1_024.png
Chanel,1,lipstick,1,1_1_025.png
Chanel,1,lipstick,1,1_1_026.png
Chanel,1,lipstick,1,1_1_027.png
Chanel,1,lipstick,1,1_1_028.png
Chanel,1,lipstick,1,1_1_029.png
Chanel,1,lipstick,1,1_1_030.png
Chanel,1,handbag,2,1_2_001.png
Chanel,1,handbag,2,1_2_002.png
Chanel,1,handbag,2,1_2_003.png
Chanel,1,handbag,2,1_2_004.png
Chanel,1,handbag,2,1_2_005.png
Chanel,1,handbag,2,1_2_006.png
Chanel,1,handbag,2,1_2_007.png
Chanel,1,handbag,2,1_2_008.png
Chanel,1,handbag,2,1_2_009.png
Chanel,1,handbag,2,1_2_010.png
Chanel,1,handbag,2,1_2_011.png
Chanel,1,handbag,2,1_2_012.png
Chanel,1,handbag,2,1_2_013.png
Chanel,1,handbag,2,1_2_014.png
Chanel,1,handbag,2,1_2_015.png
Chanel,1,handbag,2,1_2_016.png
Chanel,1,handbag,2,1_2_017.png
Chanel,1,handbag,2,1_2_018.png
Chanel,1,handbag,2,1_2_019.png
Chanel,1,handbag,2,1_2_020.png
Chanel,1,handbag,2,1_2_021.png
Chanel,1,handbag,2,1_2_022.png
Chanel,1,handbag,2,1_2_023.png
Chanel,1,handbag,2,1_2_024.png
Chanel,1,handbag,2,1_2_025.png
Chanel,1,handbag,2,1_2_026.png
Chanel,1,handbag,2,1_2_027.png
Chanel,1,handbag,2,1_2_028.png
Chanel,1,handbag,2,1_2_029.png
Chanel,1,handbag,2,1_2_030.png
Chanel,1,handbag,2,1_2_031.png
Chanel,1,handbag,2,1_2_032.png
Chanel,1,handbag,2,1_2_033.png
Chanel,1,handbag,2,1_2_034.png
Chanel,1,handbag,2,1_2_035.png
Chanel,1,handbag,2,1_2_036.png
Chanel,1,handbag,2,1_2_037.png
Chanel,1,handbag,2,1_2_038.png
Chanel,1,handbag,2,1_2_039.png
Chanel,1,handbag,2,1_2_040.png
Chanel,1,handbag,2,1_2_041.png
Chanel,1,handbag,2,1_2_042.png
Chanel,1,handbag,2,1_2_043.png
Chanel,1,handbag,2,1_2_044.png
Chanel,1,handbag,2,1_2_045.png
Chanel,1,handbag,2,1_2_046.png
Chanel,1,handbag,2,1_2_047.png
Chanel,1,handbag,2,1_2_048.png
Chanel,1,handbag,2,1_2_049.png
Chanel,1,handbag,2,1_2_050.png
Chanel,1,handbag,2,1_2_051.png
Chanel,1,handbag,2,1_2_052.png
Chanel,1,handbag,2,1_2_053.png
Chanel,1,handbag,2,1_2_054.png
Chanel,1,handbag,2,1_2_055.png
Chanel,1,nail polish,3,1_3_001.png
Chanel,1,nail polish,3,1_3_002.png
Chanel,1,nail polish,3,1_3_003.png
Chanel,1,nail polish,3,1_3_004.png
Chanel,1,nail polish,3,1_3_005.png
Chanel,1,nail polish,3,1_3_006.png
Chanel,1,nail polish,3,1_3_007.png
Chanel,1,nail polish,3,1_3_008.png
Chanel,1,nail polish,3,1_3_009.png
Chanel,1,nail polish,3,1_3_010.png
Chanel,1,nail polish,3,1_3_011.png
Chanel,1,nail polish,3,1_3_012.png
Chanel,1,nail polish,3,1_3_013.png
Chanel,1,nail polish,3,1_3_014.png
Chanel,1,nail polish,3,1_3_015.png
Chanel,1,nail polish,3,1_3_016.png
Chanel,1,nail polish,3,1_3_017.png
Chanel,1,necklace,4,1_4_001.png
Chanel,1,necklace,4,1_4_002.png
Chanel,1,necklace,4,1_4_003.png
Chanel,1,necklace,4,1_4_004.png
Chanel,1,necklace,4,1_4_005.png
Chanel,1,necklace,4,1_4_006.png
Chanel,1,necklace,4,1_4_007.png
Chanel,1,necklace,4,1_4_008.png
Chanel,1,necklace,4,1_4_009.png
Chanel,1,necklace,4,1_4_010.png
Chanel,1,necklace,4,1_4_011.png
Chanel,1,necklace,4,1_4_012.png
Chanel,1,necklace,4,1_4_013.png
Chanel,1,necklace,4,1_4_014.png
Chanel,1,necklace,4,1_4_015.png
Chanel,1,necklace,4,1_4_016.png
Chanel,1,necklace,4,1_4_017.png
Chanel,1,necklace,4,1_4_018.png
Chanel,1,necklace,4,1_4_019.png
Chanel,1,necklace,4,1_4_020.png
Chanel,1,necklace,4,1_4_021.png
Chanel,1,necklace,4,1_4_022.png
Chanel,1,necklace,4,1_4_023.png
Chanel,1,necklace,4,1_4_024.png
Chanel,1,necklace,4,1_4_025.png
Chanel,1,necklace,4,1_4_026.png
Chanel,1,necklace,4,1_4_027.png
Chanel,1,necklace,4,1_4_028.png
Chanel,1,necklace,4,1_4_029.png
Chanel,1,necklace,4,1_4_030.png
Chanel,1,necklace,4,1_4_031.png
Chanel,1,necklace,4,1_4_032.png
Chanel,1,necklace,4,1_4_033.png
Chanel,1,necklace,4,1_4_034.png
Chanel,1,necklace,4,1_4_035.png
Chanel,1,necklace,4,1_4_036.png
Chanel,1,necklace,4,1_4_037.png
Chanel,1,necklace,4,1_4_038.png
Chanel,1,necklace,4,1_4_039.png
Chanel,1,necklace,4,1_4_040.png
Chanel,1,necklace,4,1_4_041.png
Chanel,1,necklace,4,1_4_042.png
Chanel,1,watches,5,1_5_001.png
Chanel,1,watches,5,1_5_002.png
Chanel,1,watches,5,1_5_003.png
Chanel,1,watches,5,1_5_004.png
Chanel,1,watches,5,1_5_005.png
Chanel,1,watches,5,1_5_006.png
Chanel,1,watches,5,1_5_007.png
Chanel,1,watches,5,1_5_008.png
Chanel,1,watches,5,1_5_009.png
Chanel,1,watches,5,1_5_010.png
Chanel,1,watches,5,1_5_011.png
Chanel,1,watches,5,1_5_012.png
Chanel,1,watches,5,1_5_013.png
Chanel,1,watches,5,1_5_014.png
Chanel,1,watches,5,1_5_015.png
Chanel,1,watches,5,1_5_016.png
Chanel,1,watches,5,1_5_017.png
Chanel,1,watches,5,1_5_018.png
Chanel,1,watches,5,1_5_019.png
Chanel,1,watches,5,1_5_020.png
Chanel,1,watches,5,1_5_021.png
Chanel,1,watches,5,1_5_022.png
Chanel,1,watches,5,1_5_023.png
Chanel,1,watches,5,1_5_024.png
Chanel,1,watches,5,1_5_025.png
Chanel,1,watches,5,1_5_026.png
Chanel,1,watches,5,1_5_027.png
Chanel,1,watches,5,1_5_028.png
Chanel,1,watches,5,1_5_029.png
Chanel,1,watches,5,1_5_030.png
Chanel,1,watches,5,1_5_031.png
Chanel,1,watches,5,1_5_032.png
Chanel,1,watches,5,1_5_033.png
Chanel,1,watches,5,1_5_034.png
Chanel,1,watches,5,1_5_035.png
Chanel,1,ring,6,1_6_001.png
Chanel,1,ring,6,1_6_002.png
Chanel,1,ring,6,1_6_003.png
Chanel,1,ring,6,1_6_004.png
Chanel,1,ring,6,1_6_005.png
Chanel,1,ring,6,1_6_006.png
Chanel,1,ring,6,1_6_007.png
Chanel,1,ring,6,1_6_008.png
Chanel,1,ring,6,1_6_009.png
Chanel,1,ring,6,1_6_010.png
Chanel,1,ring,6,1_6_011.png
Chanel,1,ring,6,1_6_012.png
Chanel,1,ring,6,1_6_013.png
Chanel,1,ring,6,1_6_014.png
Chanel,1,ring,6,1_6_015.png
Chanel,1,ring,6,1_6_016.png
Chanel,1,ring,6,1_6_017.png
Chanel,1,ring,6,1_6_018.png
Chanel,1,ring,6,1_6_019.png
Chanel,1,ring,6,1_6_020.png
Chanel,1,ring,6,1_6_021.png
Chanel,1,ring,6,1_6_022.png
Chanel,1,ring,6,1_6_023.png
Chanel,1,ring,6,1_6_024.png
Chanel,1,ring,6,1_6_025.png
Chanel,1,ring,6,1_6_026.png
Chanel,1,ring,6,1_6_027.png
Chanel,1,ring,6,1_6_028.png
Chanel,1,ring,6,1_6_029.png
Chanel,1,bracelet,7,1_7_001.png
Chanel,1,bracelet,7,1_7_002.png
Chanel,1,bracelet,7,1_7_003.png
Chanel,1,bracelet,7,1_7_004.png
Chanel,1,bracelet,7,1_7_005.png
Chanel,1,bracelet,7,1_7_006.png
Chanel,1,bracelet,7,1_7_007.png
Chanel,1,bracelet,7,1_7_008.png
Chanel,1,bracelet,7,1_7_009.png
Chanel,1,bracelet,7,1_7_010.png
Chanel,1,bracelet,7,1_7_011.png
Chanel,1,bracelet,7,1_7_012.png
Chanel,1,bracelet,7,1_7_013.png
Chanel,1,bracelet,7,1_7_014.png
Chanel,1,bracelet,7,1_7_015.png
Chanel,1,bracelet,7,1_7_016.png
Chanel,1,bracelet,7,1_7_017.png
Chanel,1,bracelet,7,1_7_018.png
Chanel,1,bracelet,7,1_7_019.png
Chanel,1,bracelet,7,1_7_020.png
Chanel,1,bracelet,7,1_7_021.png
Chanel,1,boots,8,1_8_001.png
Chanel,1,boots,8,1_8_002.png
Chanel,1,boots,8,1_8_003.png
Chanel,1,boots,8,1_8_004.png
Chanel,1,boots,8,1_8_005.png
Chanel,1,boots,8,1_8_006.png
Chanel,1,boots,8,1_8_007.png
Chanel,1,boots,8,1_8_008.png
Chanel,1,boots,8,1_8_009.png
Chanel,1,boots,8,1_8_010.png
Chanel,1,boots,8,1_8_011.png
Chanel,1,boots,8,1_8_012.png
Chanel,1,boots,8,1_8_013.png
Chanel,1,boots,8,1_8_014.png
Chanel,1,boots,8,1_8_015.png
Chanel,1,boots,8,1_8_016.png
Chanel,1,boots,8,1_8_017.png
Chanel,1,boots,8,1_8_018.png
Chanel,1,boots,8,1_8_019.png
Chanel,1,boots,8,1_8_020.png
Chanel,1,boots,8,1_8_021.png
Chanel,1,boots,8,1_8_022.png
Chanel,1,boots,8,1_8_023.png
Chanel,1,boots,8,1_8_024.png
Chanel,1,boots,8,1_8_025.png
Chanel,1,boots,8,1_8_026.png
Chanel,1,boots,8,1_8_027.png
Chanel,1,boots,8,1_8_028.png
Chanel,1,boots,8,1_8_029.png
Chanel,1,boots,8,1_8_030.png
Chanel,1,boots,8,1_8_031.png
Chanel,1,boots,8,1_8_032.png
Chanel,1,earrings,9,1_9_001.png
Chanel,1,earrings,9,1_9_002.png
Chanel,1,earrings,9,1_9_003.png
Chanel,1,earrings,9,1_9_004.png
Chanel,1,earrings,9,1_9_005.png
Chanel,1,earrings,9,1_9_006.png
Chanel,1,earrings,9,1_9_007.png
Chanel,1,earrings,9,1_9_008.png
Chanel,1,earrings,9,1_9_009.png
Chanel,1,earrings,9,1_9_010.png
Chanel,1,earrings,9,1_9_011.png
Chanel,1,earrings,9,1_9_012.png
Chanel,1,earrings,9,1_9_013.png
Chanel,1,earrings,9,1_9_014.png
Chanel,1,earrings,9,1_9_015.png
Chanel,1,earrings,9,1_9_016.png
Chanel,1,earrings,9,1_9_017.png
Chanel,1,earrings,9,1_9_018.png
Chanel,1,earrings,9,1_9_019.png
Chanel,1,earrings,9,1_9_020.png
Chanel,1,earrings,9,1_9_021.png
Chanel,1,earrings,9,1_9_022.png
Chanel,1,earrings,9,1_9_023.png
Chanel,1,earrings,9,1_9_024.png
Chanel,1,earrings,9,1_9_025.png
Chanel,1,earrings,9,1_9_026.png
Chanel,1,earrings,9,1_9_027.png
Chanel,1,earrings,9,1_9_028.png
Chanel,1,earrings,9,1_9_029.png
Chanel,1,earrings,9,1_9_030.png
Dolce & Gabbana,2,shoes,0,2_0_001.png
Dolce & Gabbana,2,shoes,0,2_0_002.png
Dolce & Gabbana,2,shoes,0,2_0_003.png
Dolce & Gabbana,2,shoes,0,2_0_004.png
Dolce & Gabbana,2,shoes,0,2_0_005.png
Dolce & Gabbana,2,shoes,0,2_0_006.png
Dolce & Gabbana,2,shoes,0,2_0_007.png
Dolce & Gabbana,2,shoes,0,2_0_008.png
Dolce & Gabbana,2,shoes,0,2_0_009.png
Dolce & Gabbana,2,shoes,0,2_0_010.png
Dolce & Gabbana,2,shoes,0,2_0_011.png
Dolce & Gabbana,2,shoes,0,2_0_012.png
Dolce & Gabbana,2,shoes,0,2_0_013.png
Dolce & Gabbana,2,shoes,0,2_0_014.png
Dolce & Gabbana,2,shoes,0,2_0_015.png
Dolce & Gabbana,2,shoes,0,2_0_016.png
Dolce & Gabbana,2,shoes,0,2_0_017.png
Dolce & Gabbana,2,shoes,0,2_0_018.png
Dolce & Gabbana,2,shoes,0,2_0_019.png
Dolce & Gabbana,2,shoes,0,2_0_020.png
Dolce & Gabbana,2,shoes,0,2_0_021.png
Dolce & Gabbana,2,shoes,0,2_0_022.png
Dolce & Gabbana,2,shoes,0,2_0_023.png
Dolce & Gabbana,2,shoes,0,2_0_024.png
Dolce & Gabbana,2,shoes,0,2_0_025.png
Dolce & Gabbana,2,shoes,0,2_0_026.png
Dolce & Gabbana,2,shoes,0,2_0_027.png
Dolce & Gabbana,2,shoes,0,2_0_028.png
Dolce & Gabbana,2,shoes,0,2_0_029.png
Dolce & Gabbana,2,shoes,0,2_0_030.png
Dolce & Gabbana,2,shoes,0,2_0_031.png
Dolce & Gabbana,2,shoes,0,2_0_032.png
Dolce & Gabbana,2,shoes,0,2_0_033.png
Dolce & Gabbana,2,shoes,0,2_0_034.png
Dolce & Gabbana,2,shoes,0,2_0_035.png
Dolce & Gabbana,2,shoes,0,2_0_036.png
Dolce & Gabbana,2,shoes,0,2_0_037.png
Dolce & Gabbana,2,shoes,0,2_0_038.png
Dolce & Gabbana,2,shoes,0,2_0_039.png
Dolce & Gabbana,2,shoes,0,2_0_040.png
Dolce & Gabbana,2,shoes,0,2_0_041.png
Dolce & Gabbana,2,shoes,0,2_0_042.png
Dolce & Gabbana,2,shoes,0,2_0_043.png
Dolce & Gabbana,2,shoes,0,2_0_044.png
Dolce & Gabbana,2,shoes,0,2_0_045.png
Dolce & Gabbana,2,shoes,0,2_0_046.png
Dolce & Gabbana,2,shoes,0,2_0_047.png
Dolce & Gabbana,2,shoes,0,2_0_048.png
Dolce & Gabbana,2,shoes,0,2_0_049.png
Dolce & Gabbana,2,shoes,0,2_0_050.png
Dolce & Gabbana,2,shoes,0,2_0_051.png
Dolce & Gabbana,2,shoes,0,2_0_052.png
Dolce & Gabbana,2,shoes,0,2_0_053.png
Dolce & Gabbana,2,shoes,0,2_0_054.png
Dolce & Gabbana,2,shoes,0,2_0_055.png
Dolce & Gabbana,2,shoes,0,2_0_056.png
Dolce & Gabbana,2,shoes,0,2_0_057.png
Dolce & Gabbana,2,shoes,0,2_0_058.png
Dolce & Gabbana,2,shoes,0,2_0_059.png
Dolce & Gabbana,2,shoes,0,2_0_060.png
Dolce & Gabbana,2,shoes,0,2_0_061.png
Dolce & Gabbana,2,shoes,0,2_0_062.png
Dolce & Gabbana,2,shoes,0,2_0_063.png
Dolce & Gabbana,2,shoes,0,2_0_064.png
Dolce & Gabbana,2,shoes,0,2_0_065.png
Dolce & Gabbana,2,shoes,0,2_0_066.png
Dolce & Gabbana,2,shoes,0,2_0_067.png
Dolce & Gabbana,2,shoes,0,2_0_068.png
Dolce & Gabbana,2,shoes,0,2_0_069.png
Dolce & Gabbana,2,shoes,0,2_0_070.png
Dolce & Gabbana,2,shoes,0,2_0_071.png
Dolce & Gabbana,2,lipstick,1,2_1_001.png
Dolce & Gabbana,2,lipstick,1,2_1_002.png
Dolce & Gabbana,2,lipstick,1,2_1_003.png
Dolce & Gabbana,2,lipstick,1,2_1_004.png
Dolce & Gabbana,2,lipstick,1,2_1_005.png
Dolce & Gabbana,2,lipstick,1,2_1_006.png
Dolce & Gabbana,2,lipstick,1,2_1_007.png
Dolce & Gabbana,2,lipstick,1,2_1_008.png
Dolce & Gabbana,2,lipstick,1,2_1_009.png
Dolce & Gabbana,2,lipstick,1,2_1_010.png
Dolce & Gabbana,2,lipstick,1,2_1_011.png
Dolce & Gabbana,2,lipstick,1,2_1_012.png
Dolce & Gabbana,2,lipstick,1,2_1_013.png
Dolce & Gabbana,2,lipstick,1,2_1_014.png
Dolce & Gabbana,2,lipstick,1,2_1_015.png
Dolce & Gabbana,2,lipstick,1,2_1_016.png
Dolce & Gabbana,2,lipstick,1,2_1_017.png
Dolce & Gabbana,2,lipstick,1,2_1_018.png
Dolce & Gabbana,2,lipstick,1,2_1_019.png
Dolce & Gabbana,2,lipstick,1,2_1_020.png
Dolce & Gabbana,2,lipstick,1,2_1_021.png
Dolce & Gabbana,2,lipstick,1,2_1_022.png
Dolce & Gabbana,2,lipstick,1,2_1_023.png
Dolce & Gabbana,2,lipstick,1,2_1_024.png
Dolce & Gabbana,2,lipstick,1,2_1_025.png
Dolce & Gabbana,2,lipstick,1,2_1_026.png
Dolce & Gabbana,2,lipstick,1,2_1_027.png
Dolce & Gabbana,2,lipstick,1,2_1_028.png
Dolce & Gabbana,2,lipstick,1,2_1_029.png
Dolce & Gabbana,2,lipstick,1,2_1_030.png
Dolce & Gabbana,2,lipstick,1,2_1_031.png
Dolce & Gabbana,2,lipstick,1,2_1_032.png
Dolce & Gabbana,2,lipstick,1,2_1_033.png
Dolce & Gabbana,2,lipstick,1,2_1_034.png
Dolce & Gabbana,2,lipstick,1,2_1_035.png
Dolce & Gabbana,2,lipstick,1,2_1_036.png
Dolce & Gabbana,2,lipstick,1,2_1_037.png
Dolce & Gabbana,2,lipstick,1,2_1_038.png
Dolce & Gabbana,2,handbag,2,2_2_001.png
Dolce & Gabbana,2,handbag,2,2_2_002.png
Dolce & Gabbana,2,handbag,2,2_2_003.png
Dolce & Gabbana,2,handbag,2,2_2_004.png
Dolce & Gabbana,2,handbag,2,2_2_005.png
Dolce & Gabbana,2,handbag,2,2_2_006.png
Dolce & Gabbana,2,handbag,2,2_2_007.png
Dolce & Gabbana,2,handbag,2,2_2_008.png
Dolce & Gabbana,2,handbag,2,2_2_009.png
Dolce & Gabbana,2,handbag,2,2_2_010.png
Dolce & Gabbana,2,handbag,2,2_2_011.png
Dolce & Gabbana,2,handbag,2,2_2_012.png
Dolce & Gabbana,2,handbag,2,2_2_013.png
Dolce & Gabbana,2,handbag,2,2_2_014.png
Dolce & Gabbana,2,handbag,2,2_2_015.png
Dolce & Gabbana,2,handbag,2,2_2_016.png
Dolce & Gabbana,2,handbag,2,2_2_017.png
Dolce & Gabbana,2,handbag,2,2_2_018.png
Dolce & Gabbana,2,handbag,2,2_2_019.png
Dolce & Gabbana,2,handbag,2,2_2_020.png
Dolce & Gabbana,2,handbag,2,2_2_021.png
Dolce & Gabbana,2,handbag,2,2_2_022.png
Dolce & Gabbana,2,handbag,2,2_2_023.png
Dolce & Gabbana,2,handbag,2,2_2_024.png
Dolce & Gabbana,2,handbag,2,2_2_025.png
Dolce & Gabbana,2,handbag,2,2_2_026.png
Dolce & Gabbana,2,handbag,2,2_2_027.png
Dolce & Gabbana,2,handbag,2,2_2_028.png
Dolce & Gabbana,2,handbag,2,2_2_029.png
Dolce & Gabbana,2,handbag,2,2_2_030.png
Dolce & Gabbana,2,handbag,2,2_2_031.png
Dolce & Gabbana,2,handbag,2,2_2_032.png
Dolce & Gabbana,2,handbag,2,2_2_033.png
Dolce & Gabbana,2,handbag,2,2_2_034.png
Dolce & Gabbana,2,handbag,2,2_2_035.png
Dolce & Gabbana,2,handbag,2,2_2_036.png
Dolce & Gabbana,2,handbag,2,2_2_037.png
Dolce & Gabbana,2,handbag,2,2_2_038.png
Dolce & Gabbana,2,handbag,2,2_2_039.png
Dolce & Gabbana,2,handbag,2,2_2_040.png
Dolce & Gabbana,2,handbag,2,2_2_041.png
Dolce & Gabbana,2,handbag,2,2_2_042.png
Dolce & Gabbana,2,handbag,2,2_2_043.png
Dolce & Gabbana,2,handbag,2,2_2_044.png
Dolce & Gabbana,2,handbag,2,2_2_045.png
Dolce & Gabbana,2,handbag,2,2_2_046.png
Dolce & Gabbana,2,handbag,2,2_2_047.png
Dolce & Gabbana,2,handbag,2,2_2_048.png
Dolce & Gabbana,2,handbag,2,2_2_049.png
Dolce & Gabbana,2,handbag,2,2_2_050.png
Dolce & Gabbana,2,handbag,2,2_2_051.png
Dolce & Gabbana,2,handbag,2,2_2_052.png
Dolce & Gabbana,2,handbag,2,2_2_053.png
Dolce & Gabbana,2,handbag,2,2_2_054.png
Dolce & Gabbana,2,handbag,2,2_2_055.png
Dolce & Gabbana,2,handbag,2,2_2_056.png
Dolce & Gabbana,2,handbag,2,2_2_057.png
Dolce & Gabbana,2,handbag,2,2_2_058.png
Dolce & Gabbana,2,handbag,2,2_2_059.png
Dolce & Gabbana,2,handbag,2,2_2_060.png
Dolce & Gabbana,2,handbag,2,2_2_061.png
Dolce & Gabbana,2,handbag,2,2_2_062.png
Dolce & Gabbana,2,handbag,2,2_2_063.png
Dolce & Gabbana,2,handbag,2,2_2_064.png
Dolce & Gabbana,2,handbag,2,2_2_065.png
Dolce & Gabbana,2,handbag,2,2_2_066.png
Dolce & Gabbana,2,handbag,2,2_2_067.png
Dolce & Gabbana,2,handbag,2,2_2_068.png
Dolce & Gabbana,2,nail polish,3,2_3_001.png
Dolce & Gabbana,2,nail polish,3,2_3_002.png
Dolce & Gabbana,2,nail polish,3,2_3_003.png
Dolce & Gabbana,2,nail polish,3,2_3_004.png
Dolce & Gabbana,2,nail polish,3,2_3_005.png
Dolce & Gabbana,2,nail polish,3,2_3_006.png
Dolce & Gabbana,2,nail polish,3,2_3_007.png
Dolce & Gabbana,2,nail polish,3,2_3_008.png
Dolce & Gabbana,2,nail polish,3,2_3_009.png
Dolce & Gabbana,2,nail polish,3,2_3_010.png
Dolce & Gabbana,2,nail polish,3,2_3_011.png
Dolce & Gabbana,2,nail polish,3,2_3_012.png
Dolce & Gabbana,2,nail polish,3,2_3_013.png
Dolce & Gabbana,2,nail polish,3,2_3_014.png
Dolce & Gabbana,2,necklace,4,2_4_001.png
Dolce & Gabbana,2,necklace,4,2_4_002.png
Dolce & Gabbana,2,necklace,4,2_4_003.png
Dolce & Gabbana,2,necklace,4,2_4_004.png
Dolce & Gabbana,2,necklace,4,2_4_005.png
Dolce & Gabbana,2,necklace,4,2_4_006.png
Dolce & Gabbana,2,necklace,4,2_4_007.png
Dolce & Gabbana,2,necklace,4,2_4_008.png
Dolce & Gabbana,2,necklace,4,2_4_009.png
Dolce & Gabbana,2,necklace,4,2_4_010.png
Dolce & Gabbana,2,necklace,4,2_4_011.png
Dolce & Gabbana,2,necklace,4,2_4_012.png
Dolce & Gabbana,2,necklace,4,2_4_013.png
Dolce & Gabbana,2,necklace,4,2_4_014.png
Dolce & Gabbana,2,necklace,4,2_4_015.png
Dolce & Gabbana,2,necklace,4,2_4_016.png
Dolce & Gabbana,2,necklace,4,2_4_017.png
Dolce & Gabbana,2,necklace,4,2_4_018.png
Dolce & Gabbana,2,watches,5,2_5_001.png
Dolce & Gabbana,2,watches,5,2_5_002.png
Dolce & Gabbana,2,watches,5,2_5_003.png
Dolce & Gabbana,2,watches,5,2_5_004.png
Dolce & Gabbana,2,watches,5,2_5_005.png
Dolce & Gabbana,2,watches,5,2_5_006.png
Dolce & Gabbana,2,watches,5,2_5_007.png
Dolce & Gabbana,2,watches,5,2_5_008.png
Dolce & Gabbana,2,watches,5,2_5_009.png
Dolce & Gabbana,2,watches,5,2_5_010.png
Dolce & Gabbana,2,ring,6,2_6_001.png
Dolce & Gabbana,2,ring,6,2_6_002.png
Dolce & Gabbana,2,ring,6,2_6_003.png
Dolce & Gabbana,2,ring,6,2_6_004.png
Dolce & Gabbana,2,ring,6,2_6_005.png
Dolce & Gabbana,2,ring,6,2_6_006.png
Dolce & Gabbana,2,ring,6,2_6_007.png
Dolce & Gabbana,2,bracelet,7,2_7_001.png
Dolce & Gabbana,2,bracelet,7,2_7_002.png
Dolce & Gabbana,2,bracelet,7,2_7_003.png
Dolce & Gabbana,2,bracelet,7,2_7_004.png
Dolce & Gabbana,2,bracelet,7,2_7_005.png
Dolce & Gabbana,2,boots,8,2_8_001.png
Dolce & Gabbana,2,boots,8,2_8_002.png
Dolce & Gabbana,2,boots,8,2_8_003.png
Dolce & Gabbana,2,boots,8,2_8_004.png
Dolce & Gabbana,2,boots,8,2_8_005.png
Dolce & Gabbana,2,boots,8,2_8_006.png
Dolce & Gabbana,2,boots,8,2_8_007.png
Dolce & Gabbana,2,boots,8,2_8_008.png
Dolce & Gabbana,2,boots,8,2_8_009.png
Dolce & Gabbana,2,boots,8,2_8_010.png
Dolce & Gabbana,2,boots,8,2_8_011.png
Dolce & Gabbana,2,boots,8,2_8_012.png
Dolce & Gabbana,2,boots,8,2_8_013.png
Dolce & Gabbana,2,boots,8,2_8_014.png
Dolce & Gabbana,2,boots,8,2_8_015.png
Dolce & Gabbana,2,boots,8,2_8_016.png
Dolce & Gabbana,2,boots,8,2_8_017.png
Dolce & Gabbana,2,boots,8,2_8_018.png
Dolce & Gabbana,2,earrings,9,2_9_001.png
Dolce & Gabbana,2,earrings,9,2_9_002.png
Dolce & Gabbana,2,earrings,9,2_9_003.png
Dolce & Gabbana,2,earrings,9,2_9_004.png
Dolce & Gabbana,2,earrings,9,2_9_005.png
Dolce & Gabbana,2,earrings,9,2_9_006.png
Dolce & Gabbana,2,earrings,9,2_9_007.png
Dolce & Gabbana,2,earrings,9,2_9_008.png
Dolce & Gabbana,2,earrings,9,2_9_009.png
Dolce & Gabbana,2,earrings,9,2_9_010.png
Dolce & Gabbana,2,earrings,9,2_9_011.png
Dolce & Gabbana,2,earrings,9,2_9_012.png
Dolce & Gabbana,2,earrings,9,2_9_013.png
Dolce & Gabbana,2,earrings,9,2_9_014.png
Dolce & Gabbana,2,earrings,9,2_9_015.png
Dolce & Gabbana,2,earrings,9,2_9_016.png
Dolce & Gabbana,2,earrings,9,2_9_017.png
Dolce & Gabbana,2,earrings,9,2_9_018.png
Gucci,3,shoes,0,3_0_001.png
Gucci,3,shoes,0,3_0_002.png
Gucci,3,shoes,0,3_0_003.png
Gucci,3,shoes,0,3_0_004.png
Gucci,3,shoes,0,3_0_005.png
Gucci,3,shoes,0,3_0_006.png
Gucci,3,shoes,0,3_0_007.png
Gucci,3,shoes,0,3_0_008.png
Gucci,3,shoes,0,3_0_009.png
Gucci,3,shoes,0,3_0_010.png
Gucci,3,shoes,0,3_0_011.png
Gucci,3,shoes,0,3_0_012.png
Gucci,3,shoes,0,3_0_013.png
Gucci,3,shoes,0,3_0_014.png
Gucci,3,shoes,0,3_0_015.png
Gucci,3,shoes,0,3_0_016.png
Gucci,3,shoes,0,3_0_017.png
Gucci,3,shoes,0,3_0_018.png
Gucci,3,shoes,0,3_0_019.png
Gucci,3,shoes,0,3_0_020.png
Gucci,3,shoes,0,3_0_021.png
Gucci,3,shoes,0,3_0_022.png
Gucci,3,shoes,0,3_0_023.png
Gucci,3,shoes,0,3_0_024.png
Gucci,3,shoes,0,3_0_025.png
Gucci,3,shoes,0,3_0_026.png
Gucci,3,shoes,0,3_0_027.png
Gucci,3,shoes,0,3_0_028.png
Gucci,3,shoes,0,3_0_029.png
Gucci,3,shoes,0,3_0_030.png
Gucci,3,shoes,0,3_0_031.png
Gucci,3,shoes,0,3_0_032.png
Gucci,3,shoes,0,3_0_033.png
Gucci,3,shoes,0,3_0_034.png
Gucci,3,shoes,0,3_0_035.png
Gucci,3,shoes,0,3_0_036.png
Gucci,3,shoes,0,3_0_037.png
Gucci,3,shoes,0,3_0_038.png
Gucci,3,shoes,0,3_0_039.png
Gucci,3,shoes,0,3_0_040.png
Gucci,3,shoes,0,3_0_041.png
Gucci,3,shoes,0,3_0_042.png
Gucci,3,shoes,0,3_0_043.png
Gucci,3,shoes,0,3_0_044.png
Gucci,3,shoes,0,3_0_045.png
Gucci,3,shoes,0,3_0_046.png
Gucci,3,shoes,0,3_0_047.png
Gucci,3,shoes,0,3_0_048.png
Gucci,3,shoes,0,3_0_049.png
Gucci,3,shoes,0,3_0_050.png
Gucci,3,shoes,0,3_0_051.png
Gucci,3,shoes,0,3_0_052.png
Gucci,3,shoes,0,3_0_053.png
Gucci,3,shoes,0,3_0_054.png
Gucci,3,shoes,0,3_0_055.png
Gucci,3,shoes,0,3_0_056.png
Gucci,3,shoes,0,3_0_057.png
Gucci,3,shoes,0,3_0_058.png
Gucci,3,shoes,0,3_0_059.png
Gucci,3,shoes,0,3_0_060.png
Gucci,3,shoes,0,3_0_061.png
Gucci,3,shoes,0,3_0_062.png
Gucci,3,shoes,0,3_0_063.png
Gucci,3,shoes,0,3_0_064.png
Gucci,3,shoes,0,3_0_065.png
Gucci,3,shoes,0,3_0_066.png
Gucci,3,shoes,0,3_0_067.png
Gucci,3,shoes,0,3_0_068.png
Gucci,3,shoes,0,3_0_069.png
Gucci,3,shoes,0,3_0_070.png
Gucci,3,shoes,0,3_0_071.png
Gucci,3,shoes,0,3_0_072.png
Gucci,3,shoes,0,3_0_073.png
Gucci,3,shoes,0,3_0_074.png
Gucci,3,shoes,0,3_0_075.png
Gucci,3,shoes,0,3_0_076.png
Gucci,3,shoes,0,3_0_077.png
Gucci,3,shoes,0,3_0_078.png
Gucci,3,shoes,0,3_0_079.png
Gucci,3,shoes,0,3_0_080.png
Gucci,3,lipstick,1,3_1_001.png
Gucci,3,lipstick,1,3_1_002.png
Gucci,3,lipstick,1,3_1_003.png
Gucci,3,lipstick,1,3_1_004.png
Gucci,3,lipstick,1,3_1_005.png
Gucci,3,lipstick,1,3_1_006.png
Gucci,3,lipstick,1,3_1_007.png
Gucci,3,lipstick,1,3_1_008.png
Gucci,3,lipstick,1,3_1_009.png
Gucci,3,lipstick,1,3_1_010.png
Gucci,3,lipstick,1,3_1_011.png
Gucci,3,handbag,2,3_2_001.png
Gucci,3,handbag,2,3_2_002.png
Gucci,3,handbag,2,3_2_003.png
Gucci,3,handbag,2,3_2_004.png
Gucci,3,handbag,2,3_2_005.png
Gucci,3,handbag,2,3_2_006.png
Gucci,3,handbag,2,3_2_007.png
Gucci,3,handbag,2,3_2_008.png
Gucci,3,handbag,2,3_2_009.png
Gucci,3,handbag,2,3_2_010.png
Gucci,3,handbag,2,3_2_011.png
Gucci,3,handbag,2,3_2_012.png
Gucci,3,handbag,2,3_2_013.png
Gucci,3,handbag,2,3_2_014.png
Gucci,3,handbag,2,3_2_015.png
Gucci,3,handbag,2,3_2_016.png
Gucci,3,handbag,2,3_2_017.png
Gucci,3,handbag,2,3_2_018.png
Gucci,3,handbag,2,3_2_019.png
Gucci,3,handbag,2,3_2_020.png
Gucci,3,handbag,2,3_2_021.png
Gucci,3,handbag,2,3_2_022.png
Gucci,3,handbag,2,3_2_023.png
Gucci,3,handbag,2,3_2_024.png
Gucci,3,handbag,2,3_2_025.png
Gucci,3,handbag,2,3_2_026.png
Gucci,3,handbag,2,3_2_027.png
Gucci,3,handbag,2,3_2_028.png
Gucci,3,handbag,2,3_2_029.png
Gucci,3,handbag,2,3_2_030.png
Gucci,3,handbag,2,3_2_031.png
Gucci,3,handbag,2,3_2_032.png
Gucci,3,handbag,2,3_2_033.png
Gucci,3,handbag,2,3_2_034.png
Gucci,3,handbag,2,3_2_035.png
Gucci,3,handbag,2,3_2_036.png
Gucci,3,handbag,2,3_2_037.png
Gucci,3,handbag,2,3_2_038.png
Gucci,3,handbag,2,3_2_039.png
Gucci,3,handbag,2,3_2_040.png
Gucci,3,handbag,2,3_2_041.png
Gucci,3,handbag,2,3_2_042.png
Gucci,3,handbag,2,3_2_043.png
Gucci,3,handbag,2,3_2_044.png
Gucci,3,handbag,2,3_2_045.png
Gucci,3,handbag,2,3_2_046.png
Gucci,3,handbag,2,3_2_047.png
Gucci,3,handbag,2,3_2_048.png
Gucci,3,handbag,2,3_2_049.png
Gucci,3,handbag,2,3_2_050.png
Gucci,3,handbag,2,3_2_051.png
Gucci,3,handbag,2,3_2_052.png
Gucci,3,handbag,2,3_2_053.png
Gucci,3,handbag,2,3_2_054.png
Gucci,3,handbag,2,3_2_055.png
Gucci,3,handbag,2,3_2_056.png
Gucci,3,handbag,2,3_2_057.png
Gucci,3,handbag,2,3_2_058.png
Gucci,3,handbag,2,3_2_059.png
Gucci,3,handbag,2,3_2_060.png
Gucci,3,handbag,2,3_2_061.png
Gucci,3,handbag,2,3_2_062.png
Gucci,3,handbag,2,3_2_063.png
Gucci,3,handbag,2,3_2_064.png
Gucci,3,handbag,2,3_2_065.png
Gucci,3,handbag,2,3_2_066.png
Gucci,3,handbag,2,3_2_067.png
Gucci,3,handbag,2,3_2_068.png
Gucci,3,nail polish,3,3_3_001.png
Gucci,3,nail polish,3,3_3_002.png
Gucci,3,nail polish,3,3_3_003.png
Gucci,3,nail polish,3,3_3_004.png
Gucci,3,nail polish,3,3_3_005.png
Gucci,3,nail polish,3,3_3_006.png
Gucci,3,nail polish,3,3_3_007.png
Gucci,3,nail polish,3,3_3_008.png
Gucci,3,nail polish,3,3_3_009.png
Gucci,3,necklace,4,3_4_001.png
Gucci,3,necklace,4,3_4_002.png
Gucci,3,necklace,4,3_4_003.png
Gucci,3,necklace,4,3_4_004.png
Gucci,3,necklace,4,3_4_005.png
Gucci,3,necklace,4,3_4_006.png
Gucci,3,necklace,4,3_4_007.png
Gucci,3,necklace,4,3_4_008.png
Gucci,3,necklace,4,3_4_009.png
Gucci,3,necklace,4,3_4_010.png
Gucci,3,necklace,4,3_4_011.png
Gucci,3,necklace,4,3_4_012.png
Gucci,3,necklace,4,3_4_013.png
Gucci,3,necklace,4,3_4_014.png
Gucci,3,necklace,4,3_4_015.png
Gucci,3,necklace,4,3_4_016.png
Gucci,3,necklace,4,3_4_017.png
Gucci,3,necklace,4,3_4_018.png
Gucci,3,necklace,4,3_4_019.png
Gucci,3,necklace,4,3_4_020.png
Gucci,3,necklace,4,3_4_021.png
Gucci,3,necklace,4,3_4_022.png
Gucci,3,watches,5,3_5_001.png
Gucci,3,watches,5,3_5_002.png
Gucci,3,watches,5,3_5_003.png
Gucci,3,watches,5,3_5_004.png
Gucci,3,watches,5,3_5_005.png
Gucci,3,watches,5,3_5_006.png
Gucci,3,watches,5,3_5_007.png
Gucci,3,watches,5,3_5_008.png
Gucci,3,watches,5,3_5_009.png
Gucci,3,watches,5,3_5_010.png
Gucci,3,watches,5,3_5_011.png
Gucci,3,watches,5,3_5_012.png
Gucci,3,watches,5,3_5_013.png
Gucci,3,watches,5,3_5_014.png
Gucci,3,watches,5,3_5_015.png
Gucci,3,watches,5,3_5_016.png
Gucci,3,watches,5,3_5_017.png
Gucci,3,watches,5,3_5_018.png
Gucci,3,watches,5,3_5_019.png
Gucci,3,watches,5,3_5_020.png
Gucci,3,watches,5,3_5_021.png
Gucci,3,watches,5,3_5_022.png
Gucci,3,watches,5,3_5_023.png
Gucci,3,watches,5,3_5_024.png
Gucci,3,watches,5,3_5_025.png
Gucci,3,watches,5,3_5_026.png
Gucci,3,ring,6,3_6_001.png
Gucci,3,ring,6,3_6_002.png
Gucci,3,ring,6,3_6_003.png
Gucci,3,ring,6,3_6_004.png
Gucci,3,ring,6,3_6_005.png
Gucci,3,ring,6,3_6_006.png
Gucci,3,ring,6,3_6_007.png
Gucci,3,ring,6,3_6_008.png
Gucci,3,ring,6,3_6_009.png
Gucci,3,ring,6,3_6_010.png
Gucci,3,ring,6,3_6_011.png
Gucci,3,ring,6,3_6_012.png
Gucci,3,ring,6,3_6_013.png
Gucci,3,ring,6,3_6_014.png
Gucci,3,ring,6,3_6_015.png
Gucci,3,ring,6,3_6_016.png
Gucci,3,ring,6,3_6_017.png
Gucci,3,ring,6,3_6_018.png
Gucci,3,ring,6,3_6_019.png
Gucci,3,ring,6,3_6_020.png
Gucci,3,ring,6,3_6_021.png
Gucci,3,ring,6,3_6_022.png
Gucci,3,ring,6,3_6_023.png
Gucci,3,ring,6,3_6_024.png
Gucci,3,ring,6,3_6_025.png
Gucci,3,ring,6,3_6_026.png
Gucci,3,ring,6,3_6_027.png
Gucci,3,ring,6,3_6_028.png
Gucci,3,ring,6,3_6_029.png
Gucci,3,ring,6,3_6_030.png
Gucci,3,ring,6,3_6_031.png
Gucci,3,ring,6,3_6_032.png
Gucci,3,ring,6,3_6_033.png
Gucci,3,ring,6,3_6_034.png
Gucci,3,ring,6,3_6_035.png
Gucci,3,ring,6,3_6_036.png
Gucci,3,ring,6,3_6_037.png
Gucci,3,ring,6,3_6_038.png
Gucci,3,ring,6,3_6_039.png
Gucci,3,ring,6,3_6_040.png
Gucci,3,ring,6,3_6_041.png
Gucci,3,ring,6,3_6_042.png
Gucci,3,ring,6,3_6_043.png
Gucci,3,ring,6,3_6_044.png
Gucci,3,ring,6,3_6_045.png
Gucci,3,ring,6,3_6_046.png
Gucci,3,ring,6,3_6_047.png
Gucci,3,bracelet,7,3_7_001.png
Gucci,3,bracelet,7,3_7_002.png
Gucci,3,bracelet,7,3_7_003.png
Gucci,3,bracelet,7,3_7_004.png
Gucci,3,bracelet,7,3_7_005.png
Gucci,3,bracelet,7,3_7_006.png
Gucci,3,bracelet,7,3_7_007.png
Gucci,3,bracelet,7,3_7_008.png
Gucci,3,bracelet,7,3_7_009.png
Gucci,3,bracelet,7,3_7_010.png
Gucci,3,bracelet,7,3_7_011.png
Gucci,3,bracelet,7,3_7_012.png
Gucci,3,bracelet,7,3_7_013.png
Gucci,3,bracelet,7,3_7_014.png
Gucci,3,bracelet,7,3_7_015.png
Gucci,3,bracelet,7,3_7_016.png
Gucci,3,bracelet,7,3_7_017.png
Gucci,3,bracelet,7,3_7_018.png
Gucci,3,bracelet,7,3_7_019.png
Gucci,3,bracelet,7,3_7_020.png
Gucci,3,bracelet,7,3_7_021.png
Gucci,3,bracelet,7,3_7_022.png
Gucci,3,bracelet,7,3_7_023.png
Gucci,3,bracelet,7,3_7_024.png
Gucci,3,bracelet,7,3_7_025.png
Gucci,3,bracelet,7,3_7_026.png
Gucci,3,bracelet,7,3_7_027.png
Gucci,3,bracelet,7,3_7_028.png
Gucci,3,bracelet,7,3_7_029.png
Gucci,3,bracelet,7,3_7_030.png
Gucci,3,boots,8,3_8_001.png
Gucci,3,boots,8,3_8_002.png
Gucci,3,boots,8,3_8_003.png
Gucci,3,boots,8,3_8_004.png
Gucci,3,boots,8,3_8_005.png
Gucci,3,boots,8,3_8_006.png
Gucci,3,boots,8,3_8_007.png
Gucci,3,boots,8,3_8_008.png
Gucci,3,boots,8,3_8_009.png
Gucci,3,boots,8,3_8_010.png
Gucci,3,boots,8,3_8_011.png
Gucci,3,boots,8,3_8_012.png
Gucci,3,boots,8,3_8_013.png
Gucci,3,boots,8,3_8_014.png
Gucci,3,boots,8,3_8_015.png
Gucci,3,earrings,9,3_9_001.png
Gucci,3,earrings,9,3_9_002.png
Gucci,3,earrings,9,3_9_003.png
Gucci,3,earrings,9,3_9_004.png
Gucci,3,earrings,9,3_9_005.png
Gucci,3,earrings,9,3_9_006.png
Gucci,3,earrings,9,3_9_007.png
Gucci,3,earrings,9,3_9_008.png
Gucci,3,earrings,9,3_9_009.png
Gucci,3,earrings,9,3_9_010.png
Gucci,3,earrings,9,3_9_011.png
Gucci,3,earrings,9,3_9_012.png
Gucci,3,earrings,9,3_9_013.png
Gucci,3,earrings,9,3_9_014.png
Gucci,3,earrings,9,3_9_015.png
Gucci,3,earrings,9,3_9_016.png
Gucci,3,earrings,9,3_9_017.png
Gucci,3,earrings,9,3_9_018.png
Gucci,3,earrings,9,3_9_019.png
Gucci,3,earrings,9,3_9_020.png
Gucci,3,earrings,9,3_9_021.png
Gucci,3,earrings,9,3_9_022.png
Gucci,3,earrings,9,3_9_023.png
Gucci,3,earrings,9,3_9_024.png
Gucci,3,earrings,9,3_9_025.png
Christian Dior,4,shoes,0,4_0_001.png
Christian Dior,4,shoes,0,4_0_002.png
Christian Dior,4,shoes,0,4_0_003.png
Christian Dior,4,shoes,0,4_0_004.png
Christian Dior,4,shoes,0,4_0_005.png
Christian Dior,4,shoes,0,4_0_006.png
Christian Dior,4,shoes,0,4_0_007.png
Christian Dior,4,shoes,0,4_0_008.png
Christian Dior,4,shoes,0,4_0_009.png
Christian Dior,4,shoes,0,4_0_010.png
Christian Dior,4,shoes,0,4_0_011.png
Christian Dior,4,shoes,0,4_0_012.png
Christian Dior,4,shoes,0,4_0_013.png
Christian Dior,4,shoes,0,4_0_014.png
Christian Dior,4,shoes,0,4_0_015.png
Christian Dior,4,shoes,0,4_0_016.png
Christian Dior,4,shoes,0,4_0_017.png
Christian Dior,4,shoes,0,4_0_018.png
Christian Dior,4,shoes,0,4_0_019.png
Christian Dior,4,shoes,0,4_0_020.png
Christian Dior,4,shoes,0,4_0_021.png
Christian Dior,4,shoes,0,4_0_022.png
Christian Dior,4,shoes,0,4_0_023.png
Christian Dior,4,shoes,0,4_0_024.png
Christian Dior,4,shoes,0,4_0_025.png
Christian Dior,4,shoes,0,4_0_026.png
Christian Dior,4,shoes,0,4_0_027.png
Christian Dior,4,shoes,0,4_0_028.png
Christian Dior,4,shoes,0,4_0_029.png
Christian Dior,4,shoes,0,4_0_030.png
Christian Dior,4,shoes,0,4_0_031.png
Christian Dior,4,shoes,0,4_0_032.png
Christian Dior,4,shoes,0,4_0_033.png
Christian Dior,4,shoes,0,4_0_034.png
Christian Dior,4,shoes,0,4_0_035.png
Christian Dior,4,shoes,0,4_0_036.png
Christian Dior,4,shoes,0,4_0_037.png
Christian Dior,4,shoes,0,4_0_038.png
Christian Dior,4,shoes,0,4_0_039.png
Christian Dior,4,shoes,0,4_0_040.png
Christian Dior,4,shoes,0,4_0_041.png
Christian Dior,4,shoes,0,4_0_042.png
Christian Dior,4,shoes,0,4_0_043.png
Christian Dior,4,shoes,0,4_0_044.png
Christian Dior,4,shoes,0,4_0_045.png
Christian Dior,4,lipstick,1,4_1_001.png
Christian Dior,4,lipstick,1,4_1_002.png
Christian Dior,4,lipstick,1,4_1_003.png
Christian Dior,4,lipstick,1,4_1_004.png
Christian Dior,4,lipstick,1,4_1_005.png
Christian Dior,4,lipstick,1,4_1_006.png
Christian Dior,4,lipstick,1,4_1_007.png
Christian Dior,4,lipstick,1,4_1_008.png
Christian Dior,4,lipstick,1,4_1_009.png
Christian Dior,4,lipstick,1,4_1_010.png
Christian Dior,4,lipstick,1,4_1_011.png
Christian Dior,4,lipstick,1,4_1_012.png
Christian Dior,4,lipstick,1,4_1_013.png
Christian Dior,4,lipstick,1,4_1_014.png
Christian Dior,4,lipstick,1,4_1_015.png
Christian Dior,4,lipstick,1,4_1_016.png
Christian Dior,4,lipstick,1,4_1_017.png
Christian Dior,4,lipstick,1,4_1_018.png
Christian Dior,4,lipstick,1,4_1_019.png
Christian Dior,4,lipstick,1,4_1_020.png
Christian Dior,4,lipstick,1,4_1_021.png
Christian Dior,4,lipstick,1,4_1_022.png
Christian Dior,4,lipstick,1,4_1_023.png
Christian Dior,4,lipstick,1,4_1_024.png
Christian Dior,4,lipstick,1,4_1_025.png
Christian Dior,4,lipstick,1,4_1_026.png
Christian Dior,4,lipstick,1,4_1_027.png
Christian Dior,4,lipstick,1,4_1_028.png
Christian Dior,4,lipstick,1,4_1_029.png
Christian Dior,4,lipstick,1,4_1_030.png
Christian Dior,4,lipstick,1,4_1_031.png
Christian Dior,4,lipstick,1,4_1_032.png
Christian Dior,4,lipstick,1,4_1_033.png
Christian Dior,4,lipstick,1,4_1_034.png
Christian Dior,4,lipstick,1,4_1_035.png
Christian Dior,4,lipstick,1,4_1_036.png
Christian Dior,4,lipstick,1,4_1_037.png
Christian Dior,4,lipstick,1,4_1_038.png
Christian Dior,4,lipstick,1,4_1_039.png
Christian Dior,4,lipstick,1,4_1_040.png
Christian Dior,4,lipstick,1,4_1_041.png
Christian Dior,4,lipstick,1,4_1_042.png
Christian Dior,4,lipstick,1,4_1_043.png
Christian Dior,4,lipstick,1,4_1_044.png
Christian Dior,4,lipstick,1,4_1_045.png
Christian Dior,4,lipstick,1,4_1_046.png
Christian Dior,4,lipstick,1,4_1_047.png
Christian Dior,4,lipstick,1,4_1_048.png
Christian Dior,4,lipstick,1,4_1_049.png
Christian Dior,4,lipstick,1,4_1_050.png
Christian Dior,4,lipstick,1,4_1_051.png
Christian Dior,4,lipstick,1,4_1_052.png
Christian Dior,4,lipstick,1,4_1_053.png
Christian Dior,4,lipstick,1,4_1_054.png
Christian Dior,4,lipstick,1,4_1_055.png
Christian Dior,4,lipstick,1,4_1_056.png
Christian Dior,4,handbag,2,4_2_001.png
Christian Dior,4,handbag,2,4_2_002.png
Christian Dior,4,handbag,2,4_2_003.png
Christian Dior,4,handbag,2,4_2_004.png
Christian Dior,4,handbag,2,4_2_005.png
Christian Dior,4,handbag,2,4_2_006.png
Christian Dior,4,handbag,2,4_2_007.png
Christian Dior,4,handbag,2,4_2_008.png
Christian Dior,4,handbag,2,4_2_009.png
Christian Dior,4,handbag,2,4_2_010.png
Christian Dior,4,handbag,2,4_2_011.png
Christian Dior,4,handbag,2,4_2_012.png
Christian Dior,4,handbag,2,4_2_013.png
Christian Dior,4,handbag,2,4_2_014.png
Christian Dior,4,handbag,2,4_2_015.png
Christian Dior,4,handbag,2,4_2_016.png
Christian Dior,4,handbag,2,4_2_017.png
Christian Dior,4,handbag,2,4_2_018.png
Christian Dior,4,handbag,2,4_2_019.png
Christian Dior,4,handbag,2,4_2_020.png
Christian Dior,4,handbag,2,4_2_021.png
Christian Dior,4,handbag,2,4_2_022.png
Christian Dior,4,handbag,2,4_2_023.png
Christian Dior,4,handbag,2,4_2_024.png
Christian Dior,4,handbag,2,4_2_025.png
Christian Dior,4,handbag,2,4_2_026.png
Christian Dior,4,handbag,2,4_2_027.png
Christian Dior,4,handbag,2,4_2_028.png
Christian Dior,4,handbag,2,4_2_029.png
Christian Dior,4,handbag,2,4_2_030.png
Christian Dior,4,handbag,2,4_2_031.png
Christian Dior,4,handbag,2,4_2_032.png
Christian Dior,4,handbag,2,4_2_033.png
Christian Dior,4,handbag,2,4_2_034.png
Christian Dior,4,handbag,2,4_2_035.png
Christian Dior,4,handbag,2,4_2_036.png
Christian Dior,4,handbag,2,4_2_037.png
Christian Dior,4,handbag,2,4_2_038.png
Christian Dior,4,handbag,2,4_2_039.png
Christian Dior,4,handbag,2,4_2_040.png
Christian Dior,4,handbag,2,4_2_041.png
Christian Dior,4,handbag,2,4_2_042.png
Christian Dior,4,handbag,2,4_2_043.png
Christian Dior,4,handbag,2,4_2_044.png
Christian Dior,4,handbag,2,4_2_045.png
Christian Dior,4,handbag,2,4_2_046.png
Christian Dior,4,handbag,2,4_2_047.png
Christian Dior,4,handbag,2,4_2_048.png
Christian Dior,4,handbag,2,4_2_049.png
Christian Dior,4,handbag,2,4_2_050.png
Christian Dior,4,handbag,2,4_2_051.png
Christian Dior,4,handbag,2,4_2_052.png
Christian Dior,4,handbag,2,4_2_053.png
Christian Dior,4,handbag,2,4_2_054.png
Christian Dior,4,handbag,2,4_2_055.png
Christian Dior,4,handbag,2,4_2_056.png
Christian Dior,4,handbag,2,4_2_057.png
Christian Dior,4,handbag,2,4_2_058.png
Christian Dior,4,handbag,2,4_2_059.png
Christian Dior,4,handbag,2,4_2_060.png
Christian Dior,4,handbag,2,4_2_061.png
Christian Dior,4,handbag,2,4_2_062.png
Christian Dior,4,handbag,2,4_2_063.png
Christian Dior,4,handbag,2,4_2_064.png
Christian Dior,4,handbag,2,4_2_065.png
Christian Dior,4,handbag,2,4_2_066.png
Christian Dior,4,handbag,2,4_2_067.png
Christian Dior,4,handbag,2,4_2_068.png
Christian Dior,4,handbag,2,4_2_069.png
Christian Dior,4,nail polish,3,4_3_001.png
Christian Dior,4,nail polish,3,4_3_002.png
Christian Dior,4,nail polish,3,4_3_003.png
Christian Dior,4,nail polish,3,4_3_004.png
Christian Dior,4,nail polish,3,4_3_005.png
Christian Dior,4,nail polish,3,4_3_006.png
Christian Dior,4,nail polish,3,4_3_007.png
Christian Dior,4,nail polish,3,4_3_008.png
Christian Dior,4,nail polish,3,4_3_009.png
Christian Dior,4,nail polish,3,4_3_010.png
Christian Dior,4,nail polish,3,4_3_011.png
Christian Dior,4,nail polish,3,4_3_012.png
Christian Dior,4,nail polish,3,4_3_013.png
Christian Dior,4,nail polish,3,4_3_014.png
Christian Dior,4,nail polish,3,4_3_015.png
Christian Dior,4,nail polish,3,4_3_016.png
Christian Dior,4,nail polish,3,4_3_017.png
Christian Dior,4,nail polish,3,4_3_018.png
Christian Dior,4,nail polish,3,4_3_019.png
Christian Dior,4,nail polish,3,4_3_020.png
Christian Dior,4,nail polish,3,4_3_021.png
Christian Dior,4,nail polish,3,4_3_022.png
Christian Dior,4,nail polish,3,4_3_023.png
Christian Dior,4,nail polish,3,4_3_024.png
Christian Dior,4,nail polish,3,4_3_025.png
Christian Dior,4,nail polish,3,4_3_026.png
Christian Dior,4,nail polish,3,4_3_027.png
Christian Dior,4,nail polish,3,4_3_028.png
Christian Dior,4,nail polish,3,4_3_029.png
Christian Dior,4,nail polish,3,4_3_030.png
Christian Dior,4,nail polish,3,4_3_031.png
Christian Dior,4,necklace,4,4_4_001.png
Christian Dior,4,necklace,4,4_4_002.png
Christian Dior,4,necklace,4,4_4_003.png
Christian Dior,4,necklace,4,4_4_004.png
Christian Dior,4,necklace,4,4_4_005.png
Christian Dior,4,necklace,4,4_4_006.png
Christian Dior,4,necklace,4,4_4_007.png
Christian Dior,4,necklace,4,4_4_008.png
Christian Dior,4,necklace,4,4_4_009.png
Christian Dior,4,necklace,4,4_4_010.png
Christian Dior,4,necklace,4,4_4_011.png
Christian Dior,4,necklace,4,4_4_012.png
Christian Dior,4,necklace,4,4_4_013.png
Christian Dior,4,necklace,4,4_4_014.png
Christian Dior,4,necklace,4,4_4_015.png
Christian Dior,4,necklace,4,4_4_016.png
Christian Dior,4,necklace,4,4_4_017.png
Christian Dior,4,necklace,4,4_4_018.png
Christian Dior,4,necklace,4,4_4_019.png
Christian Dior,4,necklace,4,4_4_020.png
Christian Dior,4,necklace,4,4_4_021.png
Christian Dior,4,necklace,4,4_4_022.png
Christian Dior,4,necklace,4,4_4_023.png
Christian Dior,4,necklace,4,4_4_024.png
Christian Dior,4,necklace,4,4_4_025.png
Christian Dior,4,necklace,4,4_4_026.png
Christian Dior,4,necklace,4,4_4_027.png
Christian Dior,4,necklace,4,4_4_028.png
Christian Dior,4,necklace,4,4_4_029.png
Christian Dior,4,necklace,4,4_4_030.png
Christian Dior,4,necklace,4,4_4_031.png
Christian Dior,4,necklace,4,4_4_032.png
Christian Dior,4,necklace,4,4_4_033.png
Christian Dior,4,necklace,4,4_4_034.png
Christian Dior,4,necklace,4,4_4_035.png
Christian Dior,4,necklace,4,4_4_036.png
Christian Dior,4,necklace,4,4_4_037.png
Christian Dior,4,necklace,4,4_4_038.png
Christian Dior,4,necklace,4,4_4_039.png
Christian Dior,4,watches,5,4_5_001.png
Christian Dior,4,watches,5,4_5_002.png
Christian Dior,4,watches,5,4_5_003.png
Christian Dior,4,watches,5,4_5_004.png
Christian Dior,4,watches,5,4_5_005.png
Christian Dior,4,watches,5,4_5_006.png
Christian Dior,4,watches,5,4_5_007.png
Christian Dior,4,watches,5,4_5_008.png
Christian Dior,4,watches,5,4_5_009.png
Christian Dior,4,watches,5,4_5_010.png
Christian Dior,4,watches,5,4_5_011.png
Christian Dior,4,watches,5,4_5_012.png
Christian Dior,4,watches,5,4_5_013.png
Christian Dior,4,watches,5,4_5_014.png
Christian Dior,4,watches,5,4_5_015.png
Christian Dior,4,watches,5,4_5_016.png
Christian Dior,4,watches,5,4_5_017.png
Christian Dior,4,watches,5,4_5_018.png
Christian Dior,4,watches,5,4_5_019.png
Christian Dior,4,watches,5,4_5_020.png
Christian Dior,4,watches,5,4_5_021.png
Christian Dior,4,watches,5,4_5_022.png
Christian Dior,4,watches,5,4_5_023.png
Christian Dior,4,watches,5,4_5_024.png
Christian Dior,4,watches,5,4_5_025.png
Christian Dior,4,watches,5,4_5_026.png
Christian Dior,4,watches,5,4_5_027.png
Christian Dior,4,watches,5,4_5_028.png
Christian Dior,4,watches,5,4_5_029.png
Christian Dior,4,watches,5,4_5_030.png
Christian Dior,4,watches,5,4_5_031.png
Christian Dior,4,watches,5,4_5_032.png
Christian Dior,4,watches,5,4_5_033.png
Christian Dior,4,watches,5,4_5_034.png
Christian Dior,4,watches,5,4_5_035.png
Christian Dior,4,watches,5,4_5_036.png
Christian Dior,4,watches,5,4_5_037.png
Christian Dior,4,watches,5,4_5_038.png
Christian Dior,4,watches,5,4_5_039.png
Christian Dior,4,watches,5,4_5_040.png
Christian Dior,4,watches,5,4_5_041.png
Christian Dior,4,watches,5,4_5_042.png
Christian Dior,4,watches,5,4_5_043.png
Christian Dior,4,watches,5,4_5_044.png
Christian Dior,4,watches,5,4_5_045.png
Christian Dior,4,watches,5,4_5_046.png
Christian Dior,4,watches,5,4_5_047.png
Christian Dior,4,ring,6,4_6_001.png
Christian Dior,4,ring,6,4_6_002.png
Christian Dior,4,ring,6,4_6_003.png
Christian Dior,4,ring,6,4_6_004.png
Christian Dior,4,ring,6,4_6_005.png
Christian Dior,4,ring,6,4_6_006.png
Christian Dior,4,ring,6,4_6_007.png
Christian Dior,4,ring,6,4_6_008.png
Christian Dior,4,ring,6,4_6_009.png
Christian Dior,4,ring,6,4_6_010.png
Christian Dior,4,ring,6,4_6_011.png
Christian Dior,4,ring,6,4_6_012.png
Christian Dior,4,ring,6,4_6_013.png
Christian Dior,4,ring,6,4_6_014.png
Christian Dior,4,ring,6,4_6_015.png
Christian Dior,4,ring,6,4_6_016.png
Christian Dior,4,ring,6,4_6_017.png
Christian Dior,4,ring,6,4_6_018.png
Christian Dior,4,ring,6,4_6_019.png
Christian Dior,4,ring,6,4_6_020.png
Christian Dior,4,ring,6,4_6_021.png
Christian Dior,4,ring,6,4_6_022.png
Christian Dior,4,ring,6,4_6_023.png
Christian Dior,4,ring,6,4_6_024.png
Christian Dior,4,ring,6,4_6_025.png
Christian Dior,4,ring,6,4_6_026.png
Christian Dior,4,ring,6,4_6_027.png
Christian Dior,4,ring,6,4_6_028.png
Christian Dior,4,ring,6,4_6_029.png
Christian Dior,4,ring,6,4_6_030.png
Christian Dior,4,ring,6,4_6_031.png
Christian Dior,4,ring,6,4_6_032.png
Christian Dior,4,ring,6,4_6_033.png
Christian Dior,4,ring,6,4_6_034.png
Christian Dior,4,ring,6,4_6_035.png
Christian Dior,4,ring,6,4_6_036.png
Christian Dior,4,ring,6,4_6_037.png
Christian Dior,4,ring,6,4_6_038.png
Christian Dior,4,ring,6,4_6_039.png
Christian Dior,4,ring,6,4_6_040.png
Christian Dior,4,ring,6,4_6_041.png
Christian Dior,4,ring,6,4_6_042.png
Christian Dior,4,ring,6,4_6_043.png
Christian Dior,4,ring,6,4_6_044.png
Christian Dior,4,ring,6,4_6_045.png
Christian Dior,4,ring,6,4_6_046.png
Christian Dior,4,ring,6,4_6_047.png
Christian Dior,4,ring,6,4_6_048.png
Christian Dior,4,ring,6,4_6_049.png
Christian Dior,4,ring,6,4_6_050.png
Christian Dior,4,ring,6,4_6_051.png
Christian Dior,4,ring,6,4_6_052.png
Christian Dior,4,ring,6,4_6_053.png
Christian Dior,4,ring,6,4_6_054.png
Christian Dior,4,ring,6,4_6_055.png
Christian Dior,4,ring,6,4_6_056.png
Christian Dior,4,ring,6,4_6_057.png
Christian Dior,4,ring,6,4_6_058.png
Christian Dior,4,ring,6,4_6_059.png
Christian Dior,4,ring,6,4_6_060.png
Christian Dior,4,ring,6,4_6_061.png
Christian Dior,4,ring,6,4_6_062.png
Christian Dior,4,ring,6,4_6_063.png
Christian Dior,4,ring,6,4_6_064.png
Christian Dior,4,ring,6,4_6_065.png
Christian Dior,4,ring,6,4_6_066.png
Christian Dior,4,ring,6,4_6_067.png
Christian Dior,4,ring,6,4_6_068.png
Christian Dior,4,ring,6,4_6_069.png
Christian Dior,4,ring,6,4_6_070.png
Christian Dior,4,ring,6,4_6_071.png
Christian Dior,4,ring,6,4_6_072.png
Christian Dior,4,ring,6,4_6_073.png
Christian Dior,4,ring,6,4_6_074.png
Christian Dior,4,ring,6,4_6_075.png
Christian Dior,4,ring,6,4_6_076.png
Christian Dior,4,ring,6,4_6_077.png
Christian Dior,4,ring,6,4_6_078.png
Christian Dior,4,ring,6,4_6_079.png
Christian Dior,4,ring,6,4_6_080.png
Christian Dior,4,ring,6,4_6_081.png
Christian Dior,4,ring,6,4_6_082.png
Christian Dior,4,bracelet,7,4_7_001.png
Christian Dior,4,bracelet,7,4_7_002.png
Christian Dior,4,bracelet,7,4_7_003.png
Christian Dior,4,bracelet,7,4_7_004.png
Christian Dior,4,bracelet,7,4_7_005.png
Christian Dior,4,bracelet,7,4_7_006.png
Christian Dior,4,bracelet,7,4_7_007.png
Christian Dior,4,bracelet,7,4_7_008.png
Christian Dior,4,bracelet,7,4_7_009.png
Christian Dior,4,bracelet,7,4_7_010.png
Christian Dior,4,bracelet,7,4_7_011.png
Christian Dior,4,bracelet,7,4_7_012.png
Christian Dior,4,bracelet,7,4_7_013.png
Christian Dior,4,bracelet,7,4_7_014.png
Christian Dior,4,bracelet,7,4_7_015.png
Christian Dior,4,bracelet,7,4_7_016.png
Christian Dior,4,bracelet,7,4_7_017.png
Christian Dior,4,bracelet,7,4_7_018.png
Christian Dior,4,bracelet,7,4_7_019.png
Christian Dior,4,bracelet,7,4_7_020.png
Christian Dior,4,bracelet,7,4_7_021.png
Christian Dior,4,bracelet,7,4_7_022.png
Christian Dior,4,bracelet,7,4_7_023.png
Christian Dior,4,bracelet,7,4_7_024.png
Christian Dior,4,bracelet,7,4_7_025.png
Christian Dior,4,bracelet,7,4_7_026.png
Christian Dior,4,bracelet,7,4_7_027.png
Christian Dior,4,bracelet,7,4_7_028.png
Christian Dior,4,bracelet,7,4_7_029.png
Christian Dior,4,bracelet,7,4_7_030.png
Christian Dior,4,bracelet,7,4_7_031.png
Christian Dior,4,boots,8,4_8_001.png
Christian Dior,4,boots,8,4_8_002.png
Christian Dior,4,boots,8,4_8_003.png
Christian Dior,4,boots,8,4_8_004.png
Christian Dior,4,boots,8,4_8_005.png
Christian Dior,4,boots,8,4_8_006.png
Christian Dior,4,boots,8,4_8_007.png
Christian Dior,4,boots,8,4_8_008.png
Christian Dior,4,boots,8,4_8_009.png
Christian Dior,4,boots,8,4_8_010.png
Christian Dior,4,boots,8,4_8_011.png
Christian Dior,4,boots,8,4_8_012.png
Christian Dior,4,boots,8,4_8_013.png
Christian Dior,4,boots,8,4_8_014.png
Christian Dior,4,boots,8,4_8_015.png
Christian Dior,4,boots,8,4_8_016.png
Christian Dior,4,boots,8,4_8_017.png
Christian Dior,4,boots,8,4_8_018.png
Christian Dior,4,boots,8,4_8_019.png
Christian Dior,4,earrings,9,4_9_001.png
Christian Dior,4,earrings,9,4_9_002.png
Christian Dior,4,earrings,9,4_9_003.png
Christian Dior,4,earrings,9,4_9_004.png
Christian Dior,4,earrings,9,4_9_005.png
Christian Dior,4,earrings,9,4_9_006.png
Christian Dior,4,earrings,9,4_9_007.png
Christian Dior,4,earrings,9,4_9_008.png
Christian Dior,4,earrings,9,4_9_009.png
Christian Dior,4,earrings,9,4_9_010.png
Christian Dior,4,earrings,9,4_9_011.png
Christian Dior,4,earrings,9,4_9_012.png
Christian Dior,4,earrings,9,4_9_013.png
Christian Dior,4,earrings,9,4_9_014.png
Christian Dior,4,earrings,9,4_9_015.png
Christian Dior,4,earrings,9,4_9_016.png
Christian Dior,4,earrings,9,4_9_017.png
Christian Dior,4,earrings,9,4_9_018.png
Christian Dior,4,earrings,9,4_9_019.png
Christian Dior,4,earrings,9,4_9_020.png
Christian Dior,4,earrings,9,4_9_021.png
Christian Dior,4,earrings,9,4_9_022.png
Christian Dior,4,earrings,9,4_9_023.png
Christian Dior,4,earrings,9,4_9_024.png
Christian Dior,4,earrings,9,4_9_025.png
Christian Dior,4,earrings,9,4_9_026.png
Christian Dior,4,earrings,9,4_9_027.png
Christian Dior,4,earrings,9,4_9_028.png
Christian Dior,4,earrings,9,4_9_029.png
Christian Dior,4,earrings,9,4_9_030.png
Christian Dior,4,earrings,9,4_9_031.png
Christian Dior,4,earrings,9,4_9_032.png
Christian Dior,4,earrings,9,4_9_033.png
Christian Dior,4,earrings,9,4_9_034.png
Christian Dior,4,earrings,9,4_9_035.png
Christian Dior,4,earrings,9,4_9_036.png
Christian Dior,4,earrings,9,4_9_037.png
Christian Dior,4,earrings,9,4_9_038.png
Christian Dior,4,earrings,9,4_9_039.png
Christian Dior,4,earrings,9,4_9_040.png
Christian Dior,4,earrings,9,4_9_041.png
Christian Dior,4,earrings,9,4_9_042.png
Christian Dior,4,earrings,9,4_9_043.png
Christian Dior,4,earrings,9,4_9_044.png
Christian Dior,4,earrings,9,4_9_045.png
Christian Dior,4,earrings,9,4_9_046.png
Christian Dior,4,earrings,9,4_9_047.png
Christian Dior,4,earrings,9,4_9_048.png
Christian Dior,4,earrings,9,4_9_049.png
Versace,5,shoes,0,5_0_001.png
Versace,5,shoes,0,5_0_002.png
Versace,5,shoes,0,5_0_003.png
Versace,5,shoes,0,5_0_004.png
Versace,5,shoes,0,5_0_005.png
Versace,5,shoes,0,5_0_006.png
Versace,5,shoes,0,5_0_007.png
Versace,5,shoes,0,5_0_008.png
Versace,5,shoes,0,5_0_009.png
Versace,5,shoes,0,5_0_010.png
Versace,5,shoes,0,5_0_011.png
Versace,5,shoes,0,5_0_012.png
Versace,5,shoes,0,5_0_013.png
Versace,5,shoes,0,5_0_014.png
Versace,5,shoes,0,5_0_015.png
Versace,5,shoes,0,5_0_016.png
Versace,5,shoes,0,5_0_017.png
Versace,5,shoes,0,5_0_018.png
Versace,5,shoes,0,5_0_019.png
Versace,5,shoes,0,5_0_020.png
Versace,5,shoes,0,5_0_021.png
Versace,5,shoes,0,5_0_022.png
Versace,5,shoes,0,5_0_023.png
Versace,5,shoes,0,5_0_024.png
Versace,5,shoes,0,5_0_025.png
Versace,5,shoes,0,5_0_026.png
Versace,5,shoes,0,5_0_027.png
Versace,5,shoes,0,5_0_028.png
Versace,5,shoes,0,5_0_029.png
Versace,5,shoes,0,5_0_030.png
Versace,5,shoes,0,5_0_031.png
Versace,5,shoes,0,5_0_032.png
Versace,5,shoes,0,5_0_033.png
Versace,5,shoes,0,5_0_034.png
Versace,5,shoes,0,5_0_035.png
Versace,5,shoes,0,5_0_036.png
Versace,5,shoes,0,5_0_037.png
Versace,5,shoes,0,5_0_038.png
Versace,5,shoes,0,5_0_039.png
Versace,5,shoes,0,5_0_040.png
Versace,5,shoes,0,5_0_041.png
Versace,5,shoes,0,5_0_042.png
Versace,5,shoes,0,5_0_043.png
Versace,5,shoes,0,5_0_044.png
Versace,5,shoes,0,5_0_045.png
Versace,5,shoes,0,5_0_046.png
Versace,5,shoes,0,5_0_047.png
Versace,5,shoes,0,5_0_048.png
Versace,5,shoes,0,5_0_049.png
Versace,5,shoes,0,5_0_050.png
Versace,5,shoes,0,5_0_051.png
Versace,5,shoes,0,5_0_052.png
Versace,5,shoes,0,5_0_053.png
Versace,5,shoes,0,5_0_054.png
Versace,5,shoes,0,5_0_055.png
Versace,5,shoes,0,5_0_056.png
Versace,5,shoes,0,5_0_057.png
Versace,5,shoes,0,5_0_058.png
Versace,5,shoes,0,5_0_059.png
Versace,5,shoes,0,5_0_060.png
Versace,5,handbag,2,5_2_001.png
Versace,5,handbag,2,5_2_002.png
Versace,5,handbag,2,5_2_003.png
Versace,5,handbag,2,5_2_004.png
Versace,5,handbag,2,5_2_005.png
Versace,5,handbag,2,5_2_006.png
Versace,5,handbag,2,5_2_007.png
Versace,5,handbag,2,5_2_008.png
Versace,5,handbag,2,5_2_009.png
Versace,5,handbag,2,5_2_010.png
Versace,5,handbag,2,5_2_011.png
Versace,5,handbag,2,5_2_012.png
Versace,5,handbag,2,5_2_013.png
Versace,5,handbag,2,5_2_014.png
Versace,5,handbag,2,5_2_015.png
Versace,5,handbag,2,5_2_016.png
Versace,5,handbag,2,5_2_017.png
Versace,5,handbag,2,5_2_018.png
Versace,5,handbag,2,5_2_019.png
Versace,5,handbag,2,5_2_020.png
Versace,5,handbag,2,5_2_021.png
Versace,5,handbag,2,5_2_022.png
Versace,5,handbag,2,5_2_023.png
Versace,5,handbag,2,5_2_024.png
Versace,5,handbag,2,5_2_025.png
Versace,5,handbag,2,5_2_026.png
Versace,5,handbag,2,5_2_027.png
Versace,5,handbag,2,5_2_028.png
Versace,5,handbag,2,5_2_029.png
Versace,5,handbag,2,5_2_030.png
Versace,5,handbag,2,5_2_031.png
Versace,5,handbag,2,5_2_032.png
Versace,5,handbag,2,5_2_033.png
Versace,5,handbag,2,5_2_034.png
Versace,5,handbag,2,5_2_035.png
Versace,5,handbag,2,5_2_036.png
Versace,5,handbag,2,5_2_037.png
Versace,5,handbag,2,5_2_038.png
Versace,5,handbag,2,5_2_039.png
Versace,5,handbag,2,5_2_040.png
Versace,5,handbag,2,5_2_041.png
Versace,5,handbag,2,5_2_042.png
Versace,5,handbag,2,5_2_043.png
Versace,5,handbag,2,5_2_044.png
Versace,5,handbag,2,5_2_045.png
Versace,5,handbag,2,5_2_046.png
Versace,5,handbag,2,5_2_047.png
Versace,5,handbag,2,5_2_048.png
Versace,5,handbag,2,5_2_049.png
Versace,5,handbag,2,5_2_050.png
Versace,5,handbag,2,5_2_051.png
Versace,5,handbag,2,5_2_052.png
Versace,5,handbag,2,5_2_053.png
Versace,5,handbag,2,5_2_054.png
Versace,5,handbag,2,5_2_055.png
Versace,5,handbag,2,5_2_056.png
Versace,5,handbag,2,5_2_057.png
Versace,5,handbag,2,5_2_058.png
Versace,5,handbag,2,5_2_059.png
Versace,5,handbag,2,5_2_060.png
Versace,5,handbag,2,5_2_061.png
Versace,5,handbag,2,5_2_062.png
Versace,5,handbag,2,5_2_063.png
Versace,5,handbag,2,5_2_064.png
Versace,5,handbag,2,5_2_065.png
Versace,5,handbag,2,5_2_066.png
Versace,5,handbag,2,5_2_067.png
Versace,5,handbag,2,5_2_068.png
Versace,5,handbag,2,5_2_069.png
Versace,5,handbag,2,5_2_070.png
Versace,5,handbag,2,5_2_071.png
Versace,5,handbag,2,5_2_072.png
Versace,5,handbag,2,5_2_073.png
Versace,5,handbag,2,5_2_074.png
Versace,5,handbag,2,5_2_075.png
Versace,5,handbag,2,5_2_076.png
Versace,5,necklace,4,5_4_001.png
Versace,5,necklace,4,5_4_002.png
Versace,5,necklace,4,5_4_003.png
Versace,5,necklace,4,5_4_004.png
Versace,5,necklace,4,5_4_005.png
Versace,5,necklace,4,5_4_006.png
Versace,5,necklace,4,5_4_007.png
Versace,5,necklace,4,5_4_008.png
Versace,5,necklace,4,5_4_009.png
Versace,5,necklace,4,5_4_010.png
Versace,5,necklace,4,5_4_011.png
Versace,5,necklace,4,5_4_012.png
Versace,5,necklace,4,5_4_013.png
Versace,5,necklace,4,5_4_014.png
Versace,5,watches,5,5_5_001.png
Versace,5,watches,5,5_5_002.png
Versace,5,watches,5,5_5_003.png
Versace,5,watches,5,5_5_004.png
Versace,5,watches,5,5_5_005.png
Versace,5,watches,5,5_5_006.png
Versace,5,watches,5,5_5_007.png
Versace,5,watches,5,5_5_008.png
Versace,5,watches,5,5_5_009.png
Versace,5,watches,5,5_5_010.png
Versace,5,watches,5,5_5_011.png
Versace,5,watches,5,5_5_012.png
Versace,5,watches,5,5_5_013.png
Versace,5,watches,5,5_5_014.png
Versace,5,watches,5,5_5_015.png
Versace,5,watches,5,5_5_016.png
Versace,5,watches,5,5_5_017.png
Versace,5,watches,5,5_5_018.png
Versace,5,watches,5,5_5_019.png
Versace,5,ring,6,5_6_001.png
Versace,5,ring,6,5_6_002.png
Versace,5,ring,6,5_6_003.png
Versace,5,ring,6,5_6_004.png
Versace,5,ring,6,5_6_005.png
Versace,5,ring,6,5_6_006.png
Versace,5,ring,6,5_6_007.png
Versace,5,ring,6,5_6_008.png
Versace,5,ring,6,5_6_009.png
Versace,5,ring,6,5_6_010.png
Versace,5,ring,6,5_6_011.png
Versace,5,ring,6,5_6_012.png
Versace,5,ring,6,5_6_013.png
Versace,5,ring,6,5_6_014.png
Versace,5,ring,6,5_6_015.png
Versace,5,ring,6,5_6_016.png
Versace,5,ring,6,5_6_017.png
Versace,5,ring,6,5_6_018.png
Versace,5,ring,6,5_6_019.png
Versace,5,ring,6,5_6_020.png
Versace,5,ring,6,5_6_021.png
Versace,5,ring,6,5_6_022.png
Versace,5,ring,6,5_6_023.png
Versace,5,bracelet,7,5_7_001.png
Versace,5,bracelet,7,5_7_002.png
Versace,5,bracelet,7,5_7_003.png
Versace,5,bracelet,7,5_7_004.png
Versace,5,bracelet,7,5_7_005.png
Versace,5,bracelet,7,5_7_006.png
Versace,5,bracelet,7,5_7_007.png
Versace,5,bracelet,7,5_7_008.png
Versace,5,bracelet,7,5_7_009.png
Versace,5,bracelet,7,5_7_010.png
Versace,5,bracelet,7,5_7_011.png
Versace,5,bracelet,7,5_7_012.png
Versace,5,bracelet,7,5_7_013.png
Versace,5,bracelet,7,5_7_014.png
Versace,5,bracelet,7,5_7_015.png
Versace,5,bracelet,7,5_7_016.png
Versace,5,boots,8,5_8_001.png
Versace,5,boots,8,5_8_002.png
Versace,5,boots,8,5_8_003.png
Versace,5,boots,8,5_8_004.png
Versace,5,boots,8,5_8_005.png
Versace,5,boots,8,5_8_006.png
Versace,5,boots,8,5_8_007.png
Versace,5,boots,8,5_8_008.png
Versace,5,boots,8,5_8_009.png
Versace,5,boots,8,5_8_010.png
Versace,5,boots,8,5_8_011.png
Versace,5,boots,8,5_8_012.png
Versace,5,boots,8,5_8_013.png
Versace,5,boots,8,5_8_014.png
Versace,5,boots,8,5_8_015.png
Versace,5,boots,8,5_8_016.png
Versace,5,boots,8,5_8_017.png
Versace,5,boots,8,5_8_018.png
Versace,5,earrings,9,5_9_001.png
Versace,5,earrings,9,5_9_002.png
Versace,5,earrings,9,5_9_003.png
Versace,5,earrings,9,5_9_004.png
Versace,5,earrings,9,5_9_005.png
Versace,5,earrings,9,5_9_006.png
Versace,5,earrings,9,5_9_007.png
Versace,5,earrings,9,5_9_008.png
Versace,5,earrings,9,5_9_009.png
Versace,5,earrings,9,5_9_010.png
Versace,5,earrings,9,5_9_011.png
Versace,5,earrings,9,5_9_012.png
Versace,5,earrings,9,5_9_013.png
Versace,5,earrings,9,5_9_014.png
Versace,5,earrings,9,5_9_015.png
Versace,5,earrings,9,5_9_016.png
Versace,5,earrings,9,5_9_017.png
Versace,5,earrings,9,5_9_018.png
Versace,5,earrings,9,5_9_019.png
Versace,5,earrings,9,5_9_020.png
Versace,5,earrings,9,5_9_021.png
Yves Saint Laurent,6,shoes,0,6_0_001.png
Yves Saint Laurent,6,shoes,0,6_0_002.png
Yves Saint Laurent,6,shoes,0,6_0_003.png
Yves Saint Laurent,6,shoes,0,6_0_004.png
Yves Saint Laurent,6,shoes,0,6_0_005.png
Yves Saint Laurent,6,shoes,0,6_0_006.png
Yves Saint Laurent,6,shoes,0,6_0_007.png
Yves Saint Laurent,6,shoes,0,6_0_008.png
Yves Saint Laurent,6,shoes,0,6_0_009.png
Yves Saint Laurent,6,shoes,0,6_0_010.png
Yves Saint Laurent,6,shoes,0,6_0_011.png
Yves Saint Laurent,6,shoes,0,6_0_012.png
Yves Saint Laurent,6,shoes,0,6_0_013.png
Yves Saint Laurent,6,shoes,0,6_0_014.png
Yves Saint Laurent,6,shoes,0,6_0_015.png
Yves Saint Laurent,6,shoes,0,6_0_016.png
Yves Saint Laurent,6,shoes,0,6_0_017.png
Yves Saint Laurent,6,shoes,0,6_0_018.png
Yves Saint Laurent,6,shoes,0,6_0_019.png
Yves Saint Laurent,6,shoes,0,6_0_020.png
Yves Saint Laurent,6,shoes,0,6_0_021.png
Yves Saint Laurent,6,shoes,0,6_0_022.png
Yves Saint Laurent,6,shoes,0,6_0_023.png
Yves Saint Laurent,6,shoes,0,6_0_024.png
Yves Saint Laurent,6,shoes,0,6_0_025.png
Yves Saint Laurent,6,shoes,0,6_0_026.png
Yves Saint Laurent,6,shoes,0,6_0_027.png
Yves Saint Laurent,6,shoes,0,6_0_028.png
Yves Saint Laurent,6,shoes,0,6_0_029.png
Yves Saint Laurent,6,shoes,0,6_0_030.png
Yves Saint Laurent,6,shoes,0,6_0_031.png
Yves Saint Laurent,6,shoes,0,6_0_032.png
Yves Saint Laurent,6,shoes,0,6_0_033.png
Yves Saint Laurent,6,shoes,0,6_0_034.png
Yves Saint Laurent,6,shoes,0,6_0_035.png
Yves Saint Laurent,6,shoes,0,6_0_036.png
Yves Saint Laurent,6,shoes,0,6_0_037.png
Yves Saint Laurent,6,shoes,0,6_0_038.png
Yves Saint Laurent,6,shoes,0,6_0_039.png
Yves Saint Laurent,6,shoes,0,6_0_040.png
Yves Saint Laurent,6,shoes,0,6_0_041.png
Yves Saint Laurent,6,shoes,0,6_0_042.png
Yves Saint Laurent,6,shoes,0,6_0_043.png
Yves Saint Laurent,6,shoes,0,6_0_044.png
Yves Saint Laurent,6,shoes,0,6_0_045.png
Yves Saint Laurent,6,shoes,0,6_0_046.png
Yves Saint Laurent,6,shoes,0,6_0_047.png
Yves Saint Laurent,6,shoes,0,6_0_048.png
Yves Saint Laurent,6,shoes,0,6_0_049.png
Yves Saint Laurent,6,shoes,0,6_0_050.png
Yves Saint Laurent,6,lipstick,1,6_1_001.png
Yves Saint Laurent,6,lipstick,1,6_1_002.png
Yves Saint Laurent,6,lipstick,1,6_1_003.png
Yves Saint Laurent,6,lipstick,1,6_1_004.png
Yves Saint Laurent,6,lipstick,1,6_1_005.png
Yves Saint Laurent,6,lipstick,1,6_1_006.png
Yves Saint Laurent,6,lipstick,1,6_1_007.png
Yves Saint Laurent,6,lipstick,1,6_1_008.png
Yves Saint Laurent,6,lipstick,1,6_1_009.png
Yves Saint Laurent,6,lipstick,1,6_1_010.png
Yves Saint Laurent,6,lipstick,1,6_1_011.png
Yves Saint Laurent,6,lipstick,1,6_1_012.png
Yves Saint Laurent,6,lipstick,1,6_1_013.png
Yves Saint Laurent,6,lipstick,1,6_1_014.png
Yves Saint Laurent,6,lipstick,1,6_1_015.png
Yves Saint Laurent,6,lipstick,1,6_1_016.png
Yves Saint Laurent,6,lipstick,1,6_1_017.png
Yves Saint Laurent,6,lipstick,1,6_1_018.png
Yves Saint Laurent,6,lipstick,1,6_1_019.png
Yves Saint Laurent,6,lipstick,1,6_1_020.png
Yves Saint Laurent,6,lipstick,1,6_1_021.png
Yves Saint Laurent,6,lipstick,1,6_1_022.png
Yves Saint Laurent,6,lipstick,1,6_1_023.png
Yves Saint Laurent,6,lipstick,1,6_1_024.png
Yves Saint Laurent,6,lipstick,1,6_1_025.png
Yves Saint Laurent,6,lipstick,1,6_1_026.png
Yves Saint Laurent,6,lipstick,1,6_1_027.png
Yves Saint Laurent,6,lipstick,1,6_1_028.png
Yves Saint Laurent,6,lipstick,1,6_1_029.png
Yves Saint Laurent,6,lipstick,1,6_1_030.png
Yves Saint Laurent,6,lipstick,1,6_1_031.png
Yves Saint Laurent,6,lipstick,1,6_1_032.png
Yves Saint Laurent,6,lipstick,1,6_1_033.png
Yves Saint Laurent,6,lipstick,1,6_1_034.png
Yves Saint Laurent,6,lipstick,1,6_1_035.png
Yves Saint Laurent,6,lipstick,1,6_1_036.png
Yves Saint Laurent,6,lipstick,1,6_1_037.png
Yves Saint Laurent,6,lipstick,1,6_1_038.png
Yves Saint Laurent,6,lipstick,1,6_1_039.png
Yves Saint Laurent,6,lipstick,1,6_1_040.png
Yves Saint Laurent,6,lipstick,1,6_1_041.png
Yves Saint Laurent,6,lipstick,1,6_1_042.png
Yves Saint Laurent,6,lipstick,1,6_1_043.png
Yves Saint Laurent,6,lipstick,1,6_1_044.png
Yves Saint Laurent,6,lipstick,1,6_1_045.png
Yves Saint Laurent,6,lipstick,1,6_1_046.png
Yves Saint Laurent,6,lipstick,1,6_1_047.png
Yves Saint Laurent,6,lipstick,1,6_1_048.png
Yves Saint Laurent,6,lipstick,1,6_1_049.png
Yves Saint Laurent,6,handbag,2,6_2_001.png
Yves Saint Laurent,6,handbag,2,6_2_002.png
Yves Saint Laurent,6,handbag,2,6_2_003.png
Yves Saint Laurent,6,handbag,2,6_2_004.png
Yves Saint Laurent,6,handbag,2,6_2_005.png
Yves Saint Laurent,6,handbag,2,6_2_006.png
Yves Saint Laurent,6,handbag,2,6_2_007.png
Yves Saint Laurent,6,handbag,2,6_2_008.png
Yves Saint Laurent,6,handbag,2,6_2_009.png
Yves Saint Laurent,6,handbag,2,6_2_010.png
Yves Saint Laurent,6,handbag,2,6_2_011.png
Yves Saint Laurent,6,handbag,2,6_2_012.png
Yves Saint Laurent,6,handbag,2,6_2_013.png
Yves Saint Laurent,6,handbag,2,6_2_014.png
Yves Saint Laurent,6,handbag,2,6_2_015.png
Yves Saint Laurent,6,handbag,2,6_2_016.png
Yves Saint Laurent,6,handbag,2,6_2_017.png
Yves Saint Laurent,6,handbag,2,6_2_018.png
Yves Saint Laurent,6,handbag,2,6_2_019.png
Yves Saint Laurent,6,handbag,2,6_2_020.png
Yves Saint Laurent,6,handbag,2,6_2_021.png
Yves Saint Laurent,6,handbag,2,6_2_022.png
Yves Saint Laurent,6,handbag,2,6_2_023.png
Yves Saint Laurent,6,handbag,2,6_2_024.png
Yves Saint Laurent,6,handbag,2,6_2_025.png
Yves Saint Laurent,6,handbag,2,6_2_026.png
Yves Saint Laurent,6,handbag,2,6_2_027.png
Yves Saint Laurent,6,handbag,2,6_2_028.png
Yves Saint Laurent,6,handbag,2,6_2_029.png
Yves Saint Laurent,6,handbag,2,6_2_030.png
Yves Saint Laurent,6,handbag,2,6_2_031.png
Yves Saint Laurent,6,handbag,2,6_2_032.png
Yves Saint Laurent,6,handbag,2,6_2_033.png
Yves Saint Laurent,6,handbag,2,6_2_034.png
Yves Saint Laurent,6,handbag,2,6_2_035.png
Yves Saint Laurent,6,handbag,2,6_2_036.png
Yves Saint Laurent,6,handbag,2,6_2_037.png
Yves Saint Laurent,6,handbag,2,6_2_038.png
Yves Saint Laurent,6,handbag,2,6_2_039.png
Yves Saint Laurent,6,handbag,2,6_2_040.png
Yves Saint Laurent,6,handbag,2,6_2_041.png
Yves Saint Laurent,6,handbag,2,6_2_042.png
Yves Saint Laurent,6,handbag,2,6_2_043.png
Yves Saint Laurent,6,handbag,2,6_2_044.png
Yves Saint Laurent,6,handbag,2,6_2_045.png
Yves Saint Laurent,6,handbag,2,6_2_046.png
Yves Saint Laurent,6,handbag,2,6_2_047.png
Yves Saint Laurent,6,handbag,2,6_2_048.png
Yves Saint Laurent,6,handbag,2,6_2_049.png
Yves Saint Laurent,6,handbag,2,6_2_050.png
Yves Saint Laurent,6,handbag,2,6_2_051.png
Yves Saint Laurent,6,handbag,2,6_2_052.png
Yves Saint Laurent,6,handbag,2,6_2_053.png
Yves Saint Laurent,6,handbag,2,6_2_054.png
Yves Saint Laurent,6,handbag,2,6_2_055.png
Yves Saint Laurent,6,nail polish,3,6_3_001.png
Yves Saint Laurent,6,nail polish,3,6_3_002.png
Yves Saint Laurent,6,nail polish,3,6_3_003.png
Yves Saint Laurent,6,nail polish,3,6_3_004.png
Yves Saint Laurent,6,nail polish,3,6_3_005.png
Yves Saint Laurent,6,nail polish,3,6_3_006.png
Yves Saint Laurent,6,nail polish,3,6_3_007.png
Yves Saint Laurent,6,nail polish,3,6_3_008.png
Yves Saint Laurent,6,nail polish,3,6_3_009.png
Yves Saint Laurent,6,nail polish,3,6_3_010.png
Yves Saint Laurent,6,nail polish,3,6_3_011.png
Yves Saint Laurent,6,nail polish,3,6_3_012.png
Yves Saint Laurent,6,nail polish,3,6_3_013.png
Yves Saint Laurent,6,nail polish,3,6_3_014.png
Yves Saint Laurent,6,nail polish,3,6_3_015.png
Yves Saint Laurent,6,nail polish,3,6_3_016.png
Yves Saint Laurent,6,nail polish,3,6_3_017.png
Yves Saint Laurent,6,nail polish,3,6_3_018.png
Yves Saint Laurent,6,nail polish,3,6_3_019.png
Yves Saint Laurent,6,nail polish,3,6_3_020.png
Yves Saint Laurent,6,nail polish,3,6_3_021.png
Yves Saint Laurent,6,nail polish,3,6_3_022.png
Yves Saint Laurent,6,nail polish,3,6_3_023.png
Yves Saint Laurent,6,nail polish,3,6_3_024.png
Yves Saint Laurent,6,nail polish,3,6_3_025.png
Yves Saint Laurent,6,nail polish,3,6_3_026.png
Yves Saint Laurent,6,nail polish,3,6_3_027.png
Yves Saint Laurent,6,nail polish,3,6_3_028.png
Yves Saint Laurent,6,nail polish,3,6_3_029.png
Yves Saint Laurent,6,nail polish,3,6_3_030.png
Yves Saint Laurent,6,nail polish,3,6_3_031.png
Yves Saint Laurent,6,nail polish,3,6_3_032.png
Yves Saint Laurent,6,nail polish,3,6_3_033.png
Yves Saint Laurent,6,nail polish,3,6_3_034.png
Yves Saint Laurent,6,nail polish,3,6_3_035.png
Yves Saint Laurent,6,nail polish,3,6_3_036.png
Yves Saint Laurent,6,nail polish,3,6_3_037.png
Yves Saint Laurent,6,nail polish,3,6_3_038.png
Yves Saint Laurent,6,nail polish,3,6_3_039.png
Yves Saint Laurent,6,nail polish,3,6_3_040.png
Yves Saint Laurent,6,nail polish,3,6_3_041.png
Yves Saint Laurent,6,nail polish,3,6_3_042.png
Yves Saint Laurent,6,nail polish,3,6_3_043.png
Yves Saint Laurent,6,nail polish,3,6_3_044.png
Yves Saint Laurent,6,nail polish,3,6_3_045.png
Yves Saint Laurent,6,necklace,4,6_4_001.png
Yves Saint Laurent,6,necklace,4,6_4_002.png
Yves Saint Laurent,6,necklace,4,6_4_003.png
Yves Saint Laurent,6,necklace,4,6_4_004.png
Yves Saint Laurent,6,necklace,4,6_4_005.png
Yves Saint Laurent,6,necklace,4,6_4_006.png
Yves Saint Laurent,6,necklace,4,6_4_007.png
Yves Saint Laurent,6,necklace,4,6_4_008.png
Yves Saint Laurent,6,necklace,4,6_4_009.png
Yves Saint Laurent,6,necklace,4,6_4_010.png
Yves Saint Laurent,6,necklace,4,6_4_011.png
Yves Saint Laurent,6,necklace,4,6_4_012.png
Yves Saint Laurent,6,necklace,4,6_4_013.png
Yves Saint Laurent,6,necklace,4,6_4_014.png
Yves Saint Laurent,6,necklace,4,6_4_015.png
Yves Saint Laurent,6,ring,6,6_6_001.png
Yves Saint Laurent,6,ring,6,6_6_002.png
Yves Saint Laurent,6,ring,6,6_6_003.png
Yves Saint Laurent,6,ring,6,6_6_004.png
Yves Saint Laurent,6,ring,6,6_6_005.png
Yves Saint Laurent,6,ring,6,6_6_006.png
Yves Saint Laurent,6,ring,6,6_6_007.png
Yves Saint Laurent,6,ring,6,6_6_008.png
Yves Saint Laurent,6,bracelet,7,6_7_001.png
Yves Saint Laurent,6,bracelet,7,6_7_002.png
Yves Saint Laurent,6,bracelet,7,6_7_003.png
Yves Saint Laurent,6,bracelet,7,6_7_004.png
Yves Saint Laurent,6,bracelet,7,6_7_005.png
Yves Saint Laurent,6,bracelet,7,6_7_006.png
Yves Saint Laurent,6,bracelet,7,6_7_007.png
Yves Saint Laurent,6,bracelet,7,6_7_008.png
Yves Saint Laurent,6,bracelet,7,6_7_009.png
Yves Saint Laurent,6,bracelet,7,6_7_010.png
Yves Saint Laurent,6,bracelet,7,6_7_011.png
Yves Saint Laurent,6,bracelet,7,6_7_012.png
Yves Saint Laurent,6,bracelet,7,6_7_013.png
Yves Saint Laurent,6,bracelet,7,6_7_014.png
Yves Saint Laurent,6,bracelet,7,6_7_015.png
Yves Saint Laurent,6,bracelet,7,6_7_016.png
Yves Saint Laurent,6,bracelet,7,6_7_017.png
Yves Saint Laurent,6,bracelet,7,6_7_018.png
Yves Saint Laurent,6,boots,8,6_8_001.png
Yves Saint Laurent,6,boots,8,6_8_002.png
Yves Saint Laurent,6,boots,8,6_8_003.png
Yves Saint Laurent,6,boots,8,6_8_004.png
Yves Saint Laurent,6,boots,8,6_8_005.png
Yves Saint Laurent,6,boots,8,6_8_006.png
Yves Saint Laurent,6,boots,8,6_8_007.png
Yves Saint Laurent,6,boots,8,6_8_008.png
Yves Saint Laurent,6,boots,8,6_8_009.png
Yves Saint Laurent,6,boots,8,6_8_010.png
Yves Saint Laurent,6,boots,8,6_8_011.png
Yves Saint Laurent,6,boots,8,6_8_012.png
Yves Saint Laurent,6,boots,8,6_8_013.png
Yves Saint Laurent,6,boots,8,6_8_014.png
Yves Saint Laurent,6,boots,8,6_8_015.png
Yves Saint Laurent,6,boots,8,6_8_016.png
Yves Saint Laurent,6,boots,8,6_8_017.png
Yves Saint Laurent,6,boots,8,6_8_018.png
Yves Saint Laurent,6,boots,8,6_8_019.png
Yves Saint Laurent,6,boots,8,6_8_020.png
Yves Saint Laurent,6,boots,8,6_8_021.png
Yves Saint Laurent,6,boots,8,6_8_022.png
Yves Saint Laurent,6,boots,8,6_8_023.png
Yves Saint Laurent,6,boots,8,6_8_024.png
Yves Saint Laurent,6,boots,8,6_8_025.png
Yves Saint Laurent,6,boots,8,6_8_026.png
Yves Saint Laurent,6,boots,8,6_8_027.png
Yves Saint Laurent,6,earrings,9,6_9_001.png
Yves Saint Laurent,6,earrings,9,6_9_002.png
Yves Saint Laurent,6,earrings,9,6_9_003.png
Yves Saint Laurent,6,earrings,9,6_9_004.png
Yves Saint Laurent,6,earrings,9,6_9_005.png
Yves Saint Laurent,6,earrings,9,6_9_006.png
Yves Saint Laurent,6,earrings,9,6_9_007.png
Yves Saint Laurent,6,earrings,9,6_9_008.png
Yves Saint Laurent,6,earrings,9,6_9_009.png
Yves Saint Laurent,6,earrings,9,6_9_010.png
Yves Saint Laurent,6,earrings,9,6_9_011.png
Yves Saint Laurent,6,earrings,9,6_9_012.png
Yves Saint Laurent,6,earrings,9,6_9_013.png
Yves Saint Laurent,6,earrings,9,6_9_014.png
Yves Saint Laurent,6,earrings,9,6_9_015.png
Yves Saint Laurent,6,earrings,9,6_9_016.png
Yves Saint Laurent,6,earrings,9,6_9_017.png
Yves Saint Laurent,6,earrings,9,6_9_018.png
Yves Saint Laurent,6,earrings,9,6_9_019.png
Yves Saint Laurent,6,earrings,9,6_9_020.png
Yves Saint Laurent,6,earrings,9,6_9_021.png